"genes"	"modules"
"CRCT1"	"M3"
"SDR9C7"	"M7"
"KLK5"	"M7"
"SBSN"	"M3"
"INHBA"	"M1"
"KPRP"	"M7"
"S100A7"	"M3"
"KLK7"	"M3"
"CXCL13"	"M5"
"KLK6"	"M3"
"IL36RN"	"M3"
"RNASE7"	"M7"
"CAMK2N1"	"M3"
"SPRR2E"	"M3"
"CXCL9"	"M5"
"CDA"	"M1"
"CXCL10"	"M5"
"C6orf15"	"M7"
"SPINK7"	"M3"
"CXCL11"	"M5"
"LCE3E"	"M7"
"PNLIPRP3"	"M7"
"H19"	"M7"
"KLK14"	"M7"
"ACOD1"	"M5"
"PROK2"	"M1"
"KLK8"	"M3"
"HCG22"	"M3"
"CCL8"	"M5"
"PLA2G2F"	"M3"
"LORICRIN"	"M7"
"TMPRSS11B"	"M3"
"SPRR2D"	"M3"
"MMP9"	"M1"
"CRNN"	"M3"
"KRT14"	"M3"
"CLDN17"	"M7"
"CASP14"	"M6"
"OSM"	"M1"
"KRTDAP"	"M7"
"SPRR1B"	"M3"
"SLC39A2"	"M4"
"RHCG"	"M3"
"CLEC4E"	"M1"
"KRT16"	"M3"
"EGR3"	"M1"
"FAM180A"	"M7"
"LCE3D"	"M7"
"PSORS1C2"	"M3"
"ECM1"	"M3"
"CALML5"	"M3"
"RNF222"	"M3"
"SPRR2B"	"M7"
"XIRP1"	"M1"
"TGM6"	"M7"
"MAL"	"M3"
"NR4A1AS"	"M2"
"KRT16P6"	"M4"
"TNFAIP6"	"M1"
"CYP4F22"	"M7"
"MUC22"	"M3"
"S100A12"	"M3"
"IL36G"	"M3"
"PRSS27"	"M3"
"C10orf99"	"M3"
"IL1B"	"M1"
"CST6"	"M3"
"SPRR2F"	"M3"
"SIGLEC5"	"M1"
"TRPV3"	"M3"
"ST13P13"	"M2"
"CSF2RBP1"	"M1"
"LIPN"	"M1"
"EREG"	"M3"
"MIR200B"	"M1"
"NIPAL4"	"M3"
"SERPINA2"	"M1"
"TMPRSS11E"	"M3"
"MCEMP1"	"M1"
"SPRR2C"	"M3"
"ALOX12B"	"M3"
"S100A7A"	"M3"
"LCE3A"	"M6"
"KCNJ18"	"M3"
"GPR4"	"M1"
"VSIG10L"	"M3"
"IVL"	"M3"
"DLX5"	"M3"
"CNFN"	"M3"
"MYBPH"	"M1"
"FCN1"	"M1"
"FAM25A"	"M7"
"SPRR1A"	"M3"
"OR10H1"	"M2"
"CYP21A2"	"M5"
"KANK4"	"M5"
"OR2K2"	"M2"
"CLEC4D"	"M1"
"LRRN2"	"M5"
"FCAR"	"M1"
"HCAR3"	"M1"
"MUC7"	"M3"
"TMPRSS11GP"	"M3"
"GNAT1"	"M3"
"ARC"	"M3"
"CALML3"	"M3"
"ROBO4"	"M7"
"LINC02287"	"M1"
"PTX3"	"M1"
"ABLIM3"	"M3"
"KRT78"	"M3"
"SBK3"	"M3"
"CXCR1"	"M1"
"GREM1"	"M5"
"DLL4"	"M3"
"LIPK"	"M7"
"ALOXE3P1"	"M7"
"GABRQ"	"M3"
"LINC01579"	"M3"
"G0S2"	"M1"
"OR7E35P"	"M5"
"LINC02487"	"M7"
"CD300E"	"M1"
"SYT14"	"M3"
"FPR2"	"M1"
"OR9Q1"	"M2"
"SPRR2G"	"M7"
"FFAR2"	"M1"
"CHI3L1"	"M1"
"LY6G6C"	"M3"
"FAP"	"M1"
"RNA5SP251"	"M7"
"CFAP58-DT"	"M1"
"DEFB4A"	"M3"
"LINC02560"	"M3"
"GRIP2"	"M5"
"NOS3"	"M3"
"PDGFRB"	"M3"
"FOSB"	"M1"
"KRT76"	"M3"
"TREM1"	"M1"
"FLG2"	"M7"
"CAMK1G"	"M1"
"CHRD"	"M5"
"AQP9"	"M1"
"KLK13"	"M3"
"KRTAP4-1"	"M2"
"CCL2"	"M5"
"LINC02495"	"M6"
"LINC01093"	"M1"
"MMP8"	"M1"
"TREML3P"	"M1"
"PPBP"	"M3"
"LMO7DN-IT1"	"M3"
"MIR223HG"	"M1"
"TMPRSS11F"	"M3"
"HSPB8"	"M3"
"CCL3L3"	"M1"
"CCL3L1"	"M1"
"SMOC1"	"M4"
"GSTM1"	"M2"
"UCA1"	"M3"
"NR4A3"	"M1"
"CXCR2"	"M1"
"LINC01088"	"M2"
"MIR3945HG"	"M1"
"TRIM15"	"M5"
"GRIK4"	"M3"
"CLDN14"	"M5"
"ADGRG3"	"M1"
"NLRP10"	"M7"
"FSCN3"	"M3"
"SPRR2A"	"M3"
"FOXL1"	"M3"
"NRIR"	"M5"
"LRRC15"	"M3"
"APOL5"	"M1"
"MIR3189"	"Not.Correlated"
"PKN2-AS1"	"M3"
"C5orf67"	"M4"
"PPIAP73"	"M3"
"TLX1"	"M1"
"RPTN"	"M3"
"TNFSF11"	"M1"
"TRAV21"	"M6"
"LCN1P1"	"M2"
"EGR1"	"M1"
"SOCS1"	"M5"
"RPS23P1"	"M1"
"COL22A1"	"M1"
"CDH5"	"M3"
"FLNC-AS1"	"M1"
"MIR23A"	"M1"
"PIP"	"M2"
"NDUFB4P11"	"M1"
"FZD10"	"M3"
"LINC00310"	"M1"
"IL17C"	"M1"
"RPL10P7"	"M2"
"RSAD2"	"M5"
"LAMA4-AS1"	"M3"
"RPS4XP8"	"M3"
"GLT1D1"	"M1"
"AIM2"	"M5"
"PNPLA1"	"M3"
"ADAMTS2"	"M5"
"IFI30"	"M1"
"HK3"	"M1"
"NDUFB5P2"	"M1"
"MAFA"	"M1"
"BMP2"	"M4"
"GCOM1"	"M3"
"RNF225"	"M3"
"C2-AS1"	"M2"
"MIR503HG"	"M5"
"RPL5P12"	"M5"
"CALB1"	"M3"
"LCE1C"	"M6"
"ORM2"	"M2"
"CATSPER1"	"M1"
"ANO5"	"M3"
"OLR1"	"M1"
"RASGRP4"	"M1"
"C5orf46"	"M6"
"HAS1"	"M1"
"SLCO4A1-AS1"	"M3"
"ZNF603P"	"M2"
"TTC9B"	"M2"
"PRRT4"	"M3"
"DYSF"	"M1"
"LSMEM1"	"M1"
"EGR2"	"M1"
"SPP1"	"M1"
"SLC11A1"	"M1"
"TDRG1"	"M3"
"AMHR2"	"M1"
"ZNF114"	"M3"
"KDM5D"	"M1"
"REP15"	"M2"
"PADI4"	"M1"
"PGLYRP3"	"M3"
"GPR78"	"M3"
"LINC02036"	"M3"
"UBE2L5"	"M1"
"SLC2A3"	"M1"
"TRBV12-4"	"M1"
"CCDC166"	"M3"
"HBEGF"	"M1"
"PYGM"	"M1"
"LYPD3"	"M3"
"FABP5P7"	"M4"
"PLCB2-AS1"	"Not.Correlated"
"APOBEC3A"	"M1"
"C11orf96"	"M3"
"GRID1"	"M1"
"FCGR3B"	"M1"
"SUMO1P1"	"M1"
"CCL3"	"M1"
"ACTBP15"	"M2"
"CXCL8"	"M1"
"INHBA-AS1"	"M1"
"GCGR"	"M3"
"NEFM"	"M7"
"LILRA6"	"M1"
"CBARP"	"M4"
"PRR35"	"M1"
"ASPRV1"	"M7"
"MIR6829"	"M3"
"OR51B5"	"M3"
"LINC01705"	"M2"
"CD300LD"	"M1"
"WFDC5"	"M3"
"NCOA4P4"	"M3"
"MAGEA5"	"M1"
"IL21-AS1"	"M5"
"OACYLP"	"M1"
"SFTPC"	"M2"
"NDUFB4P8"	"M6"
"CRISP3"	"M3"
"FOXN1"	"M4"
"FRG1FP"	"M2"
"HTR4"	"M7"
"TAS2R2P"	"M1"
"HSD11B1-AS1"	"M1"
"MIR212"	"M1"
"GHSR"	"M1"
"THBS4-AS1"	"M3"
"STPG3"	"M3"
"PKMP3"	"M4"
"IGFL2-AS1"	"M3"
"FCGR1B"	"M1"
"SAP18P3"	"M2"
"H2BP2"	"M5"
"KRT6A"	"M3"
"LRRC32"	"M1"
"SLC12A5-AS1"	"M1"
"NLRC4"	"M1"
"PNCK"	"M4"
"SPATA22"	"M1"
"TMEM52B"	"M1"
"PTGS2"	"M1"
"LILRB3"	"M1"
"MNDA"	"M1"
"ZPLD1"	"M2"
"FTLP10"	"M3"
"KIAA0087"	"Not.Correlated"
"NLRP6"	"M1"
"S100A8"	"M3"
"LINC01960"	"M1"
"PDE2A-AS1"	"M1"
"LINC02593"	"M3"
"RN7SL402P"	"M1"
"CASP5"	"M1"
"MIR548AT"	"M3"
"IL36A"	"M7"
"SPATA3-AS1"	"M6"
"GAL3ST1"	"M3"
"IL27"	"M1"
"HAL"	"M1"
"KRT79"	"M3"
"SNAI1"	"M1"
"DSC1"	"M4"
"FOSL1"	"M1"
"SYNJ2BP-COX16"	"M1"
"COL6A2"	"M4"
"C3orf80"	"M7"
"IFIT1B"	"M5"
"LIPM"	"M3"
"NXPE2"	"M3"
"IL1A"	"M1"
"OR7E26P"	"M2"
"APOA2"	"M1"
"PLA2G4E"	"M3"
"DPY19L2P5"	"M2"
"SERPINB7"	"M3"
"PLPP4"	"M4"
"LCE6A"	"M6"
"FAM157A"	"M1"
"MSGN1"	"M4"
"SSTR3"	"M1"
"UPB1"	"M1"
"BMP6"	"M1"
"CACNA1E"	"M1"
"VHLL"	"M3"
"LINC00880"	"M1"
"SPESP1"	"M4"
"TRAV29DV5"	"M6"
"STK19B"	"M1"
"HSPD1P6"	"M1"
"MMP19"	"M1"
"ZBP1"	"M5"
"LINC01050"	"M1"
"CCL7"	"M5"
"NAA11"	"M1"
"KLF14"	"M1"
"UPK1A"	"M7"
"LUM"	"M4"
"KRT24"	"M3"
"RPL12P10"	"M1"
"HAPLN3"	"M5"
"MEFV"	"M1"
"CXCL14"	"M4"
"CADM2"	"M1"
"PAQR9"	"M5"
"SLC5A5"	"M3"
"P2RY14"	"M1"
"OR52K3P"	"M1"
"LUCAT1"	"M1"
"FGR"	"M1"
"ACTG1P19"	"M6"
"SPINK1"	"M3"
"ART3"	"M5"
"S1PR3"	"M3"
"SSBL4P"	"M2"
"SEPTIN4"	"M5"
"LINC01136"	"M2"
"SYN3"	"M3"
"MMP25"	"M1"
"RGS2"	"M1"
"FAM47DP"	"M2"
"RPSAP31"	"M3"
"KRT18P13"	"M2"
"SLC22A3"	"M3"
"ROPN1"	"M1"
"CCL4L2"	"M1"
"KRT16P2"	"M4"
"GPR65"	"M1"
"BCL2A1"	"M1"
"SLCO4A1"	"M3"
"SSTR5-AS1"	"M4"
"NDUFA4L2"	"M3"
"KIRREL2"	"M1"
"CACNA1I"	"M5"
"CXCL2"	"M1"
"SPRR3"	"M3"
"IGHD"	"M5"
"KLK12"	"M7"
"CBLL2"	"M2"
"CEACAM3"	"M1"
"DDX11L10"	"M2"
"PSMC1P7"	"M2"
"CCDC137P"	"M1"
"CYP27C1"	"M3"
"HCG21"	"M4"
"WNT16"	"M3"
"RPL5P7"	"M6"
"OLFM4"	"M3"
"ADAMTS1"	"M3"
"SCARA5"	"M3"
"LINC00242"	"M3"
"CLEC1A"	"M3"
"MME"	"M1"
"ACTG1P22"	"M2"
"SHISA7"	"M3"
"CXCL3"	"M1"
"AREG"	"M1"
"GPR84"	"M1"
"TBX3"	"M3"
"CTRB2"	"M7"
"RUBCNL"	"M1"
"PRR9"	"M6"
"ARHGAP40"	"M1"
"TMEM82"	"M4"
"MUC5B"	"M1"
"CALB2"	"M3"
"FOS"	"M1"
"SERPINA12"	"M6"
"FCGR1A"	"M5"
"EIF1AY"	"M1"
"CLEC9A"	"M1"
"IGLON5"	"M1"
"SLC12A1"	"M1"
"RNU6ATAC25P"	"M1"
"PCDHA7"	"M5"
"FLG"	"M7"
"TRIL"	"M4"
"C4BPA"	"M1"
"MTCO3P44"	"M2"
"LINC02621"	"M3"
"CCL4"	"M1"
"RN7SL835P"	"M2"
"H2AZP2"	"M1"
"LINC02572"	"M4"
"CT70"	"M1"
"NCCRP1"	"M3"
"DSG1"	"M7"
"EEF1A2"	"M3"
"LINC02609"	"M2"
"TRBV6-6"	"M3"
"CTAGE11P"	"Not.Correlated"
"SFRP2"	"M4"
"TGM5"	"M3"
"RASD1"	"M1"
"NR4A1"	"M1"
"ZG16"	"M3"
"MIR3945"	"M1"
"WNT7A"	"M3"
"OR10H2"	"M2"
"LINC00605"	"M2"
"RPL5P16"	"M2"
"SLC34A2"	"M2"
"ELMOD1"	"M6"
"PRKY"	"M1"
"HOPX"	"M3"
"ODF3L2"	"M4"
"DUX4L26"	"M1"
"SPTLC1P4"	"M1"
"CYP7A1"	"M1"
"MPO"	"M1"
"TNXA"	"M4"
"IGLV3-25"	"Not.Correlated"
"SLURP1"	"M3"
"FZD7"	"M3"
"LINC01842"	"M3"
"ZNF667"	"M2"
"LINC02218"	"M1"
"LINC01614"	"M2"
"HSPA6"	"M1"
"RNU6-140P"	"M4"
"LINC02582"	"M3"
"PSORS1C1"	"M6"
"LCE2C"	"M6"
"PDE4B"	"M1"
"LILRA5"	"M1"
"RPL21P132"	"M7"
"DGAT2"	"M1"
"ADM"	"M1"
"POU4F1"	"M3"
"NKAIN4"	"M3"
"TNN"	"M3"
"CDK5R2"	"M2"
"TREX2"	"M7"
"IGSF5"	"M1"
"SLC25A47"	"M5"
"TMPRSS11A"	"M3"
"LGI3"	"M3"
"RFX4"	"M6"
"OVOL1"	"M3"
"RPL12P3"	"M4"
"CTAGE8"	"M3"
"KRT16P4"	"M4"
"PPP2R2C"	"M3"
"FCER1G"	"M5"
"DAO"	"M7"
"TGM4"	"M1"
"GAS2L1P2"	"M2"
"BPIFC"	"M6"
"LMO7DN"	"M3"
"PABPC3"	"M2"
"PLEK"	"M1"
"FXYD4"	"M3"
"CTSV"	"M3"
"LINC02371"	"M2"
"FPR1"	"M1"
"BEAN1-AS1"	"M2"
"SOCS3"	"M1"
"LINC02887"	"M1"
"CNR1"	"M3"
"PLAUR"	"M1"
"LINC02338"	"M2"
"PTCRA"	"M5"
"SIGLEC1"	"M5"
"SFTPA2"	"M4"
"RBMXP4"	"M1"
"DCAF13P1"	"M1"
"FEM1AP2"	"M5"
"TMEM249"	"M7"
"IL1RL1"	"M3"
"CKS1BP2"	"M2"
"RASD2"	"M4"
"LINC02404"	"M6"
"DCN"	"M4"
"RPS3AP47"	"M2"
"GAPDHP14"	"M1"
"MMRN1"	"M3"
"LINC00634"	"M1"
"PLA2G4D"	"M7"
"ZAR1"	"M3"
"IL1R2"	"M1"
"NEFL"	"M4"
"ARSI"	"M4"
"MIR616"	"M1"
"RNU7-154P"	"M2"
"NT5CP2"	"M7"
"OR2B6"	"M1"
"PDE2A"	"M1"
"GAGE10"	"M1"
"IL10"	"M5"
"NECAB2"	"M1"
"LRRD1"	"M1"
"PMS2P9"	"M5"
"SLC38A3"	"M2"
"GJA1"	"M4"
"SLC10A6"	"M3"
"MTND4P9"	"M6"
"KCNJ12"	"M3"
"MRPS15P1"	"M7"
"CYP4F10P"	"M6"
"YWHAEP5"	"M5"
"LINC02656"	"M1"
"LINC01729"	"M1"
"HNF1A"	"M4"
"CHRNA3"	"M3"
"IGDCC4"	"M2"
"CT45A11P"	"M1"
"EMP1"	"M3"
"IGF2"	"M6"
"APCDD1L-DT"	"M3"
"MIOXP1"	"M1"
"NCAN"	"M1"
"CD300LB"	"M1"
"LINC00622"	"M2"
"AEBP1"	"M4"
"CPZ"	"M2"
"LINC00877"	"M1"
"CNGB1"	"M1"
"LINC02723"	"M6"
"LINC00528"	"M1"
"KIF1A"	"M6"
"LINC02866"	"M3"
"MIR193A"	"M3"
"TREML5P"	"M1"
"NLRP7"	"M5"
"COL6A3"	"M5"
"FCGR2A"	"M1"
"RPL21P2"	"M3"
"UBD"	"M5"
"BNIP3P22"	"M2"
"KIF3AP1"	"M5"
"LINC01821"	"M3"
"SP6"	"M3"
"IL1F10"	"M6"
"UPK2"	"M3"
"P2RY13"	"M1"
"PCDHA8"	"M6"
"NANOGP1"	"M1"
"TAGAP"	"M1"
"MIR27A"	"M1"
"FTH1P8"	"M1"
"FTH1P20"	"M1"
"CD274"	"M5"
"LINC01686"	"M1"
"DSCAM-AS1"	"M2"
"BARX1"	"M1"
"CAMK2A"	"M1"
"TRAV8-2"	"M1"
"RPL7L1P9"	"M2"
"ZNF385D"	"M4"
"MEG3"	"M4"
"RNU6-1233P"	"M2"
"MYZAP"	"M3"
"OCM"	"M1"
"BRCA1P1"	"M2"
"TF"	"M4"
"CSF3R"	"M1"
"MS4A1"	"M5"
"KRT77"	"M3"
"PRLR"	"M5"
"KRT13"	"M3"
"CLIC3"	"M3"
"C12orf77"	"M3"
"LINC00628"	"M3"
"MYH7"	"M3"
"PKMP1"	"M2"
"HSPA12B"	"M4"
"FTH1P22"	"M1"
"LINC02243"	"M6"
"SYT13"	"M4"
"SLC22A14"	"M1"
"MIR4734"	"M3"
"TOMM20P4"	"M3"
"FAM25BP"	"M6"
"RNU6-534P"	"M6"
"SLC6A11"	"M3"
"CACNA1G-AS1"	"M1"
"GBP5"	"M1"
"RGS16"	"M5"
"TRAV26-1"	"M6"
"TMIGD1"	"M6"
"ERMN"	"M1"
"RNF112"	"M3"
"RND1"	"M1"
"ADGRE2"	"M1"
"CDRT15P6"	"M1"
"SNX31"	"M4"
"KRT8P31"	"M2"
"HTR3A"	"M3"
"ATP5MC1P4"	"M3"
"LINC00278"	"M1"
"LINC02058"	"M6"
"WFDC12"	"M6"
"GPR42"	"M1"
"GPR1"	"M3"
"DIO2"	"M3"
"MTND1P23"	"M7"
"RPL12P7"	"M2"
"NETO1"	"M3"
"IL12B"	"M4"
"CA6"	"M3"
"PRKAR2B-AS1"	"M5"
"SULT4A1"	"M2"
"GLRA3"	"M1"
"IRX6"	"M3"
"RETN"	"M1"
"HOXA2"	"M1"
"TNFRSF10C"	"M1"
"RNU6-1011P"	"M3"
"SLC6A12"	"M1"
"GCOM2"	"M3"
"RNU6-1267P"	"M1"
"GMPSP1"	"M3"
"TNFSF9"	"M1"
"KRT16P1"	"M4"
"LINC01460"	"M1"
"HRH3"	"M3"
"PHLDA1"	"M3"
"FOXD1"	"M3"
"PITX2"	"M7"
"RSPO3"	"M1"
"CHRNA10"	"M4"
"PAICSP4"	"M1"
"LINC01531"	"M1"
"CDKN2A-DT"	"M3"
"CICP22"	"M7"
"TMEFF1"	"M3"
"UBE2V1P6"	"M1"
"LRRTM1"	"M3"
"RNASE2"	"M5"
"IFITM3P6"	"M5"
"ADAMTSL4"	"M1"
"TREML4"	"M1"
"NCF1B"	"M1"
"SIRPD"	"M1"
"LINC01511"	"M2"
"RTP5"	"M5"
"LINC02474"	"M3"
"CALHM5"	"M1"
"STUM"	"M2"
"GRM4"	"M2"
"TBX2"	"M4"
"LINC01208"	"M7"
"NKX3-2"	"M2"
"SERPING1"	"M5"
"ACTBP11"	"M7"
"ACHE"	"M5"
"RELN"	"M3"
"OR7E62P"	"M4"
"C1QL1"	"M4"
"SERPINA3"	"M1"
"ACTBP1"	"M2"
"ALOXE3"	"M3"
"CCL20"	"M1"
"COL1A2"	"M4"
"CD79A"	"M5"
"SLC2A14"	"M1"
"IFNWP2"	"M2"
"KRTAP29-1"	"M2"
"MDGA1"	"M5"
"CACNA1C-AS2"	"M1"
"OLFML2B"	"M5"
"ROS1"	"M2"
"CCR1"	"M1"
"TBX18"	"M3"
"CDSN"	"M6"
"LINC02649"	"M1"
"RIPOR3-AS1"	"M2"
"PLAU"	"M1"
"BEAN1"	"M1"
"GRHL3"	"M3"
"S100A9"	"M3"
"COL26A1"	"M5"
"HSPA8P1"	"M6"
"DNAJB5-DT"	"M1"
"CD46P1"	"M7"
"NTNG2"	"M1"
"IL25"	"M1"
"LINC01181"	"M7"
"FAM83C"	"M4"
"RIMBP3"	"M2"
"MIR210"	"M1"
"ANKRD34B"	"M3"
"CCDC63"	"M6"
"VRTN"	"M1"
"ASIC2"	"M2"
"DPPA5P4"	"M2"
"KCNK10"	"M3"
"LDHC"	"M4"
"SRGN"	"M1"
"CASKIN1"	"M1"
"MIR3065"	"M2"
"LIPI"	"M2"
"SLC4A1"	"Not.Correlated"
"PCDH8"	"M3"
"PLK5"	"M3"
"TSSK1A"	"M2"
"CREB5"	"M1"
"LINC02617"	"M4"
"LCNL1"	"M5"
"HECW2-AS1"	"M1"
"KCNH5"	"M6"
"SLC45A2"	"M2"
"RN7SL165P"	"M6"
"RPL23AP75"	"M1"
"SLC8A2"	"M3"
"RPL3L"	"M4"
"LCE1A"	"M6"
"DDX11L17"	"M5"
"BRINP2"	"M1"
"RPL7L1P8"	"M1"
"ANGPTL4"	"M3"
"ADAM30"	"M1"
"NEPNP"	"Not.Correlated"
"C5orf58"	"M1"
"FAM225B"	"M1"
"FRMPD1"	"M1"
"FRGCA"	"M1"
"PELATON"	"M1"
"C19orf81"	"M5"
"KMT5AP2"	"M2"
"EVI2B"	"M1"
"TMEM121B"	"M1"
"KIF4B"	"M1"
"VN1R20P"	"M2"
"CAMK2B"	"M5"
"ZNF847P"	"M6"
"CR1"	"M1"
"OR8T1P"	"M1"
"PODN"	"M1"
"CLEC5A"	"M1"
"LINC02538"	"M7"
"ANGPTL2"	"M3"
"DISP3"	"M2"
"CMTM2"	"M1"
"SEMA7A"	"M5"
"LILRA2"	"M1"
"SUGCT-AS1"	"M5"
"RNASE13"	"M6"
"HECW1"	"M4"
"CRIP1P1"	"M2"
"TRGV4"	"M5"
"GRIK3"	"M1"
"KIF12"	"M4"
"KLRG2"	"M3"
"DIO3OS"	"M4"
"NPIPB15"	"M3"
"ESAM"	"M3"
"FCGR1CP"	"M1"
"KLF3P2"	"M2"
"FDX1P1"	"M1"
"TSHR"	"M1"
"KCNJ4"	"M3"
"EGR4"	"M1"
"IGLV2-23"	"M1"
"MMP7"	"M3"
"HAUS1P1"	"M1"
"PRDM16-DT"	"M5"
"FAM205BP"	"Not.Correlated"
"MTND3P21"	"M1"
"SNTG2-AS1"	"M3"
"PILRA"	"M1"
"CD83"	"M1"
"CEACAM20"	"M2"
"TRPC5OS"	"M2"
"CILP2"	"M4"
"SSTR2"	"M5"
"GABRR1"	"M4"
"RGS21"	"M2"
"VSX2"	"M7"
"DDIT4L"	"M3"
"SLC9A3P3"	"M1"
"ANKRD1"	"M3"
"RRN3P4"	"M1"
"DSC2"	"M3"
"CYP21A1P"	"M2"
"LINC02798"	"M3"
"RAET1L"	"M3"
"DLX3"	"M3"
"IMPDH1P11"	"M6"
"FAM242C"	"M2"
"DST-AS1"	"M2"
"SLC25A1P1"	"M1"
"TRBV21-1"	"M6"
"TWIST1"	"M4"
"SYPL2"	"M4"
"MSLNL"	"M4"
"LINC02783"	"M3"
"PCAT18"	"M4"
"P2RY6"	"M5"
"RPL7P8"	"M1"
"CR2"	"M5"
"OR2B11"	"M1"
"HAUS1P2"	"M6"
"PDZPH1P"	"M2"
"RTP2"	"M2"
"LINC01366"	"M1"
"LYPD1"	"M4"
"IGLV3-9"	"Not.Correlated"
"GIPC3"	"M2"
"LEPR"	"M3"
"LINC01882"	"M5"
"LYPLAL1-DT"	"M1"
"LINC02274"	"M3"
"RPL5P11"	"Not.Correlated"
"C2CD4A"	"M1"
"ADGRA1"	"M5"
"POM121L9P"	"M4"
"RPL22P19"	"M2"
"AATK"	"M1"
"CLCA4"	"M4"
"RHOJ"	"M4"
"FAM74A7"	"M2"
"SOX7"	"M4"
"LINC02521"	"M4"
"ZNF541"	"M1"
"CRYAB"	"M3"
"TMEM233"	"M4"
"TDRD9"	"M1"
"PFN1P1"	"M6"
"GGT3P"	"M1"
"CBSL"	"M1"
"RNA5SP52"	"Not.Correlated"
"MIR6774"	"M5"
"LINC01989"	"M1"
"LINC02373"	"M6"
"MYOM3"	"M4"
"FOXR1"	"M7"
"FZD2"	"M5"
"SLC12A3"	"M5"
"CA4"	"M1"
"HSPD1P1"	"M2"
"PDGFRA"	"M2"
"POU3F2"	"M4"
"LRRC55"	"M1"
"LINC02328"	"M5"
"INSL4"	"M1"
"HAMP"	"M5"
"LINC01423"	"M4"
"H4C10P"	"M7"
"DDX50P2"	"M2"
"BAAT"	"M4"
"MEDAG"	"M2"
"ALOX5AP"	"M1"
"TCL1A"	"M5"
"DCAF13P2"	"M2"
"MIR5692B"	"M2"
"LCT-AS1"	"M5"
"GOLGA6B"	"M2"
"GABRB2"	"M5"
"SIK1"	"M1"
"IQCM"	"M4"
"AZGP1P1"	"M2"
"PRB3"	"M4"
"AFF2"	"M3"
"LINC01262"	"M1"
"CFHR3"	"M2"
"CAPNS2"	"M4"
"CCT7P2"	"M6"
"TRBJ1-5"	"M5"
"PAQR9-AS1"	"M5"
"LINC01950"	"M1"
"MIR186"	"M1"
"ESM1"	"M1"
"FOXC2"	"M4"
"MRGPRE"	"M2"
"SNX10"	"M1"
"LEP"	"M2"
"VNN1"	"M1"
"CLEC4A"	"M1"
"PGM5P4-AS1"	"M2"
"TLR8"	"M1"
"KLK1"	"M3"
"FAM25G"	"M6"
"HSPE1P2"	"M6"
"EPS15P1"	"M4"
"CAPN14"	"M3"
"ASPN"	"M4"
"HS3ST4"	"M3"
"LCP2"	"M1"
"SGCD"	"M2"
"SMAD6"	"M4"
"GIMAP4"	"M5"
"TRAV38-2DV8"	"M5"
"P2RX1"	"M1"
"CASP1P2"	"M4"
"OASL"	"M5"
"S100A11P2"	"M4"
"LCE2B"	"M6"
"LILRB1"	"M5"
"NHLH2"	"M3"
"HLX"	"M1"
"ADORA2A-AS1"	"M1"
"LCE2D"	"M6"
"RN7SL268P"	"M1"
"SNORA20"	"M2"
"IFIT1"	"M5"
"AKR1B15"	"M4"
"MIR1270"	"M2"
"CEACAM4"	"M1"
"PPIAP77"	"M2"
"MMP12"	"M1"
"CTXN3"	"M4"
"HSD11B1"	"M5"
"CAMK2N2"	"Not.Correlated"
"GZMK"	"M5"
"OLA1P2"	"Not.Correlated"
"CEROX1"	"M4"
"NPY4R2"	"M6"
"HSPD1P10"	"M2"
"LINC00536"	"M6"
"GPR176-DT"	"M1"
"C8B"	"M4"
"MIR3142HG"	"M1"
"NTM"	"M4"
"LINC00158"	"M3"
"GK-IT1"	"M1"
"THBD"	"M3"
"EPHA8"	"M1"
"TMEM72-AS1"	"M3"
"TRAV2"	"M5"
"FNDC7"	"M1"
"DUSP5P2"	"M2"
"NSG1"	"M4"
"NPFFR2"	"M2"
"YPEL4"	"M3"
"SERPINC1"	"M3"
"TNFRSF8"	"M1"
"MIRLET7I"	"M4"
"HSPD1P3"	"M3"
"IL18RAP"	"M1"
"MIR649"	"M2"
"LINC01764"	"M3"
"LILRB2"	"M1"
"RPS15AP24"	"Not.Correlated"
"ADAMTS5"	"M6"
"FAM83A-AS1"	"M3"
"IL12RB2"	"M5"
"LINC02818"	"M1"
"KLC3"	"M3"
"SMTNL1"	"M1"
"RPSAP11"	"M4"
"HS3ST3A1"	"M3"
"RPL12P27"	"M4"
"MIR6071"	"M2"
"RBFOX3"	"M4"
"PGF"	"M3"
"GPR183"	"M1"
"FAM124A"	"M3"
"RNU7-49P"	"M4"
"KRT6C"	"M3"
"CRTAC1"	"M2"
"PKNOX2"	"M4"
"BMS1P9"	"M6"
"NAV3"	"M1"
"PAPPA-AS2"	"M3"
"GGTLC4P"	"M7"
"TBL1Y"	"M1"
"LINC02516"	"M3"
"DNAJB8-AS1"	"M6"
"MAP2"	"M3"
"TMEM255B"	"M1"
"ACTBP8"	"M1"
"HNRNPA1P52"	"M1"
"LINC02377"	"M7"
"HTRA3"	"M4"
"SERPINB9P1"	"M1"
"SSTR5"	"M4"
"LAIR2"	"M5"
"MIR33B"	"M1"
"ITPR1-DT"	"M1"
"IL17A"	"M1"
"CYP4F8"	"M3"
"NR5A1"	"M1"
"LINC02527"	"M6"
"PGPEP1L"	"M4"
"LINC02437"	"M2"
"SLC17A8"	"M2"
"GRIA2"	"M2"
"KIF26A"	"M3"
"SLC30A3"	"M1"
"PDLIM1P1"	"M4"
"RNU6-510P"	"M2"
"HES7"	"M4"
"PPP1R2P1"	"M3"
"FAM25C"	"M6"
"MEOX2"	"M2"
"NCF1"	"M1"
"DDX3Y"	"M1"
"ITGAX"	"M1"
"SLC19A3"	"M2"
"C8A"	"M5"
"LINC01917"	"M2"
"LCE1F"	"M6"
"HTR2A"	"M3"
"IGFL3"	"M1"
"GAST"	"M3"
"LINC02448"	"M3"
"KPNA2P1"	"M1"
"SPRR4"	"M3"
"LCE1E"	"M6"
"SRRM3"	"M4"
"TRIM42"	"M2"
"SAMSN1"	"M1"
"NPIPA8"	"M6"
"YAP1P1"	"M1"
"RNU6-768P"	"M2"
"CPXCR1"	"M2"
"RPL32P33"	"M1"
"KCNE5"	"M1"
"MIR30C2"	"M1"
"TRAF6P1"	"M2"
"DGKK"	"M4"
"TMBIM7P"	"M5"
"LINC01251"	"M7"
"SNTG2"	"M3"
"NOTUM"	"M3"
"ADGRE3"	"M1"
"DDX11L1"	"M2"
"AGBL1-AS1"	"M2"
"LINC01887"	"M4"
"MMP23A"	"M3"
"ELOVL4"	"M3"
"LINC01224"	"M4"
"MMADHCP2"	"M4"
"TBR1"	"M1"
"LINC01285"	"M5"
"KRT3"	"M3"
"CLEC6A"	"M5"
"ALDH1A2"	"M1"
"C5AR1"	"M1"
"RPL36AP45"	"M3"
"HPN-AS1"	"M5"
"PTGDS"	"M5"
"YBX2P1"	"M1"
"POM121L1P"	"M6"
"TNFSF13B"	"M1"
"LAT2"	"M1"
"MARCO"	"M1"
"MIR4645"	"M2"
"MIR6772"	"M5"
"GPR27"	"M1"
"IL6"	"M1"
"UCN2"	"M4"
"HP"	"M4"
"GPAT2P1"	"M1"
"A1CF"	"M2"
"PNMA8C"	"M2"
"PKD2L1"	"M2"
"DELEC1"	"M4"
"PFN3"	"M1"
"IGHV1-3"	"M5"
"USP9Y"	"M1"
"GLYATL2"	"M3"
"PWP2"	"M1"
"SMARCE1P4"	"M2"
"OR52P1P"	"M1"
"EMX2OS"	"M6"
"PRSS35"	"M4"
"SIRPAP1"	"M3"
"PPP1R3G"	"M3"
"MIR596"	"M3"
"LINC00917"	"M6"
"OR51R1P"	"M2"
"KRT74"	"M4"
"LINC00173"	"M1"
"RNF151"	"M2"
"UGT2B26P"	"M1"
"PPIAP89"	"M2"
"ANXA8L1"	"M4"
"IL4I1"	"M5"
"LINC00640"	"M4"
"RNU4-90P"	"M7"
"IL23A"	"M1"
"DMRTC2"	"M1"
"LIF-AS1"	"M2"
"TNFSF14"	"M1"
"MYO3A"	"M1"
"LINC00621"	"M1"
"H1-3"	"M3"
"FAM228A"	"M1"
"VN1R107P"	"M1"
"CICP25"	"M1"
"TMEM269"	"M2"
"KDR"	"M1"
"TYMSOS"	"M4"
"IRX4"	"M3"
"MIR203A"	"M3"
"GZMB"	"M5"
"LINC00514"	"M2"
"RPL7AP53"	"M6"
"CSF2RB"	"M1"
"TINCR"	"M3"
"MIR194-2HG"	"M1"
"HNRNPABP1"	"M1"
"LINC01152"	"M5"
"TWF1P2"	"M2"
"MIR3617"	"M3"
"OSR1"	"M2"
"FTH1P7"	"M1"
"TIMD4"	"M5"
"PRR16"	"M1"
"MAGEA8"	"M2"
"LINC01805"	"M2"
"LINC02207"	"M1"
"TRAV38-1"	"M6"
"LINC00160"	"M1"
"ZCCHC12"	"M6"
"LINC00943"	"M5"
"MIR153-2"	"M5"
"TOR1BP1"	"M2"
"GPR20"	"M2"
"ADGRF4"	"M3"
"SLC6A7"	"M2"
"SCN4A"	"M1"
"COL7A1"	"M4"
"TEX15"	"M4"
"RWDD4P1"	"M1"
"A2ML1"	"M3"
"UGT3A2"	"M2"
"ECSCR"	"M4"
"TRBV23-1"	"M6"
"MEP1B"	"M5"
"FGL1"	"M2"
"SPX"	"M3"
"KBTBD12"	"M4"
"SAA4"	"M1"
"LCE2A"	"M6"
"C1orf162"	"M1"
"KCNH8"	"M2"
"C12orf42"	"M7"
"VAX2"	"M4"
"MARK2P9"	"M5"
"TUBB6"	"M3"
"KLRC4"	"M4"
"ACTG1P15"	"M7"
"LMOD2"	"M1"
"IL13"	"M1"
"PHACTR1"	"M1"
"VSIG4"	"M5"
"LINC01600"	"M1"
"PGLYRP1"	"M1"
"CICP20"	"M4"
"LINC00334"	"M1"
"DPT"	"M2"
"EDA2R"	"M4"
"SERPINB12"	"M7"
"SLCO1B7"	"M7"
"APOBEC3B-AS1"	"M7"
"LTA"	"M5"
"ACER1"	"M3"
"LAMC3"	"M4"
"LRCH2"	"M5"
"FAM8A6P"	"M2"
"KRT223P"	"M3"
"INA"	"M3"
"ENPP7P14"	"M1"
"BTLA"	"M5"
"PPIAP14"	"M6"
"TREML2"	"M1"
"MIR3146"	"M2"
"CRABP2"	"M4"
"LINC02747"	"M1"
"SH2D1B"	"M3"
"H3-2"	"M2"
"LMX1B"	"M5"
"TRIM10"	"M1"
"IGKV3-11"	"M1"
"ZNF648"	"M4"
"CD248"	"M5"
"ROBO2"	"M1"
"KRT8P38"	"M6"
"CCDC27"	"M1"
"TULP2"	"M1"
"MTND5P32"	"M1"
"PCDHB8"	"M4"
"OTX2-AS1"	"M4"
"CCL21"	"M4"
"GRIA3"	"M2"
"EBI3"	"M5"
"MIR6835"	"M1"
"VWA5B1"	"M3"
"NOS2"	"M5"
"IFNG-AS1"	"M5"
"MANCR"	"M3"
"RNU4-14P"	"Not.Correlated"
"LINC00373"	"M1"
"LINC00974"	"M7"
"KCNJ10"	"M5"
"TXLNGY"	"M1"
"OR52V1P"	"M2"
"FOLR3"	"M1"
"TNR"	"M1"
"TOMM40P2"	"M3"
"HERC5"	"M1"
"VSNL1"	"M4"
"MIR3972"	"M4"
"ARL14"	"M3"
"UPF3AP2"	"M4"
"XCL2"	"M5"
"POTEJ"	"M2"
"LINC01165"	"M1"
"ADORA2BP1"	"M1"
"ARPC3P2"	"M6"
"CXCL5"	"M1"
"CERS3"	"M4"
"DSG3"	"M4"
"CST7"	"M1"
"ABCG4"	"M3"
"TBC1D3E"	"Not.Correlated"
"PAX2"	"M3"
"PLCE1-AS1"	"M4"
"PGBD5"	"M3"
"IGKV1-5"	"M1"
"CLCA2"	"M4"
"LINC02105"	"M7"
"CHIT1"	"M1"
"SELL"	"M1"
"SCN1A"	"M2"
"NTRK3"	"M1"
"SH3PXD2A-AS1"	"M4"
"ELOVL3"	"M1"
"SNX5P1"	"M2"
"RBMS3-AS3"	"M3"
"CXCR4"	"M1"
"LINC02076"	"M3"
"RPL10P17"	"M1"
"REN"	"M4"
"HEPHL1"	"M3"
"DMBT1"	"M4"
"RNU6-1024P"	"M1"
"HMGB1P29"	"M2"
"IRX2"	"M3"
"C3AR1"	"M5"
"SEMG1"	"M1"
"MFAP4"	"M4"
"LINC02812"	"M5"
"ATP1B2"	"M3"
"GRK1"	"M2"
"ARHGAP15"	"M1"
"CALHM6"	"M5"
"LINC02236"	"M1"
"RASL11B"	"M4"
"TMPRSS11BNL"	"M3"
"ST13P15"	"M1"
"HRH1"	"M3"
"MIR6891"	"Not.Correlated"
"OR2I1P"	"M5"
"LINC01507"	"M2"
"S100A3"	"M4"
"IRX1"	"M3"
"RNA5SP90"	"M2"
"AGGF1P1"	"M2"
"SIRPB2"	"M1"
"MIR6781"	"M3"
"PHYHIPL"	"M2"
"LINC00862"	"M2"
"LRRC25"	"M1"
"MAP3K15"	"M1"
"ITGAD"	"M1"
"LILRB4"	"M5"
"GRIN2A"	"M3"
"IL19"	"M1"
"TSPEAR"	"M1"
"MB21D2"	"M1"
"SFRP1"	"M4"
"ENDOU"	"M3"
"SLC6A5"	"M3"
"RN7SL236P"	"M1"
"GJB6"	"M3"
"POU5F1P6"	"M2"
"PPIAP25"	"M2"
"NOG"	"M1"
"LINC00632"	"M2"
"AOX3P"	"M1"
"RN7SL840P"	"M2"
"TBX21"	"M5"
"RPS26P58"	"M2"
"HNRNPA1P9"	"M2"
"KCNK9"	"M2"
"AWAT2"	"M1"
"MTATP6P13"	"M2"
"C7"	"M1"
"EDAR"	"M3"
"NHSL2"	"M1"
"TTC24"	"M5"
"KCNA3"	"M5"
"ISM2"	"M1"
"CSP2"	"M2"
"PLA2G12B"	"M1"
"BANF1P2"	"M2"
"GBP7"	"M5"
"TNFRSF1B"	"M1"
"PLPPR5"	"M2"
"LINC02833"	"M2"
"LINC02800"	"M3"
"KRT16P5"	"M4"
"IL36B"	"M3"
"KRT16P3"	"M4"
"NASPP1"	"M1"
"UTS2R"	"M1"
"LINC01890"	"M1"
"LINC01936"	"M3"
"FAM183BP"	"M6"
"ADAM20P1"	"M1"
"LINC02139"	"M1"
"LINC02109"	"M1"
"ACAN"	"M5"
"KCNK3"	"M4"
"CCDC83"	"M1"
"CSPG4BP"	"M1"
"NLRP3"	"M1"
"SUMO2P15"	"Not.Correlated"
"LINC02212"	"M2"
"H4C14"	"M2"
"BARX2"	"M3"
"IGFBP6"	"M4"
"OR5BT1P"	"M2"
"LINC02596"	"M1"
"CSTL1"	"M2"
"LINC01402"	"M3"
"TRMT10BP1"	"M2"
"FAM247B"	"M1"
"RPS18P1"	"M1"
"BLACE"	"M2"
"OCIAD1-AS1"	"M3"
"PCDHA6"	"M2"
"DUSP29"	"M2"
"MND1"	"M4"
"ICAM1"	"M1"
"CLDN10-AS1"	"M4"
"LILRA1"	"M1"
"TRAJ5"	"Not.Correlated"
"PTPRD"	"M4"
"NPR1"	"M3"
"COL8A1"	"M2"
"SERPINE2"	"M4"
"LINC00960"	"M1"
"LINC00656"	"M1"
"APLN"	"M3"
"OR11M1P"	"M1"
"SIGLEC12"	"M5"
"SRPX"	"M2"
"CREG2"	"M3"
"CCL24"	"M1"
"ZEB1"	"M1"
"KLHL30"	"M2"
"CPSF1P1"	"M1"
"DHX9P1"	"M2"
"PABPC5"	"M7"
"MIR4290HG"	"M3"
"MKRN7P"	"M2"
"KRT85"	"M1"
"C4B"	"M5"
"LHFPL5"	"M4"
"TMEM145"	"M5"
"COL6A6"	"M2"
"SUCNR1"	"M5"
"COL2A1"	"M5"
"MYPN"	"M1"
"LILRP1"	"M1"
"HSD3B2"	"M2"
"HNRNPA1P2"	"M2"
"LINC02605"	"M1"
"APBB1IP"	"M1"
"HKDC1"	"M4"
"LGALS7"	"M4"
"HRK"	"M3"
"GGTLC2"	"M3"
"RXYLT1-AS1"	"M6"
"PTGES3L-AARSD1"	"M1"
"DCT"	"M1"
"TRIM40"	"M1"
"IL20"	"M3"
"LINC00243"	"M1"
"SNORA70H"	"M1"
"LASTR"	"M3"
"TEAD2"	"M4"
"SAMD11"	"M3"
"NLGN4X"	"M3"
"SUB1P1"	"M3"
"S1PR5"	"M4"
"RPL32P6"	"M2"
"LAG3"	"M5"
"CYP26B1"	"M1"
"PRR4"	"M5"
"TRBV7-3"	"M3"
"S1PR4"	"M1"
"GPER1"	"M4"
"RNA5SP155"	"M2"
"LINC00266-1"	"M5"
"IFNG"	"M5"
"PCDH10"	"M1"
"FCER2"	"M1"
"NES"	"M4"
"EDN1"	"M1"
"VN1R48P"	"Not.Correlated"
"TRGV6"	"M2"
"GPHA2"	"M3"
"MXRA5Y"	"M4"
"ATP5MFP2"	"M2"
"MALRD1"	"M2"
"SHD"	"M5"
"LINC01913"	"M2"
"TNF"	"M1"
"IGKV1-39"	"M4"
"TRBV11-2"	"M5"
"LINC00211"	"M1"
"COL5A3"	"M3"
"TMEM132E"	"M5"
"MTDHP3"	"M1"
"GLUD1P2"	"M2"
"ALG1L11P"	"M2"
"MIAT"	"M5"
"LINC01850"	"M3"
"ZNF257"	"M3"
"RN7SL628P"	"M1"
"AMELX"	"M7"
"OTOG"	"M3"
"FAM157B"	"M1"
"LINC02869"	"M6"
"DAAM2-AS1"	"M3"
"TMEM179"	"Not.Correlated"
"ECEL1"	"M2"
"LINC01524"	"M4"
"RALBP1P1"	"M2"
"TNFRSF9"	"M1"
"KRT71"	"M1"
"RNU6-703P"	"M2"
"SLC25A48"	"M3"
"SOCAR"	"M1"
"DPYS"	"M3"
"DEFB109D"	"M1"
"KCNMB4"	"M4"
"ULBP2"	"M3"
"AMD1P4"	"M2"
"TRAV26-2"	"M2"
"NAV2-IT1"	"M2"
"TUSC8"	"M2"
"FOXE1"	"M3"
"BTNL8"	"M1"
"CYTH4"	"M1"
"ADAMTSL4-AS2"	"M1"
"DNM3-IT1"	"M6"
"TDH"	"M6"
"EDN2"	"M3"
"SMCO2"	"M1"
"RBM46"	"M3"
"SLC34A1"	"M4"
"FAM198B-AS1"	"M4"
"OTOGL"	"M5"
"ALOX15B"	"M4"
"LINC00272"	"M3"
"ARG1"	"M1"
"SOCS2"	"M1"
"NCR1"	"M1"
"TLR9"	"M1"
"LPO"	"M5"
"PCDH9"	"M1"
"IGKV1-16"	"Not.Correlated"
"NCF1C"	"M1"
"C1S"	"M4"
"DUSP5P1"	"M2"
"AGT"	"M2"
"NLGN4Y"	"M1"
"LINC02865"	"M5"
"LYPLAL1-AS1"	"M2"
"IL2"	"M5"
"PSMC2P1"	"Not.Correlated"
"CHRDL2"	"M1"
"CAMP"	"M1"
"LINC01926"	"M4"
"CCND3P1"	"M1"
"SERPINB13"	"M4"
"AGMO"	"M1"
"ATP5MF-PTCD1"	"M3"
"CYTIP"	"M1"
"MBD3L1"	"M2"
"OR2B7P"	"M2"
"LINC02141"	"M2"
"ADAMTS9-AS1"	"M3"
"PTPRD-AS1"	"M2"
"EPHA3"	"M7"
"B4GALNT4"	"M4"
"MAGOH3P"	"M7"
"KIR3DL2"	"M5"
"KLHL33"	"M5"
"RNU6-167P"	"M1"
"RPL7P43"	"Not.Correlated"
"GGT5"	"M1"
"CLDN18"	"M2"
"MIR6719"	"M7"
"FCRL5"	"M5"
"OR5P3"	"M2"
"TLR8-AS1"	"M2"
"FABP5P14"	"M2"
"RPL17-C18orf32"	"M3"
"DEFB109A"	"M3"
"BZW1P1"	"M3"
"SLC26A10"	"M4"
"APOBEC3H"	"M5"
"RPL12P30"	"M2"
"STK4-AS1"	"M5"
"CCND2P1"	"M6"
"HOTAIRM1"	"M1"
"SLA"	"M1"
"USP32P3"	"M1"
"ITIH4-AS1"	"M2"
"DUSP15"	"M3"
"RPS3AP44"	"M7"
"IGLV2-8"	"M3"
"OR11N1P"	"M6"
"MN1"	"M4"
"PTPRN"	"M1"
"CCDC110"	"M3"
"LINC00677"	"M1"
"LINC00114"	"M7"
"NXF2B"	"M2"
"RNASE3"	"M1"
"HRNR"	"M3"
"INKA2"	"M1"
"HCRTR2"	"M2"
"SPINK5"	"M4"
"SMPX"	"M3"
"TMEM236"	"M1"
"LINC01479"	"M2"
"DCX"	"M3"
"CCL19"	"M5"
"DYNLL1P1"	"M4"
"LINC02303"	"M2"
"RNU6-1165P"	"M3"
"MAPRE1P1"	"M3"
"RPL21P93"	"M2"
"MSR1"	"M5"
"MSX1"	"M3"
"KLHL40"	"M3"
"LINC01264"	"M1"
"PWRN1"	"Not.Correlated"
"CYP2E1"	"M3"
"MED28P1"	"M4"
"RN7SL368P"	"M1"
"NFE2"	"M1"
"SIGLEC10"	"M1"
"ZNF208"	"M2"
"LY6D"	"M4"
"RNU4-52P"	"M6"
"RHOT1P2"	"M1"
"ROCR"	"M7"
"GUCA2B"	"M2"
"NLRP2B"	"M1"
"GPR89P"	"M2"
"MAB21L1"	"M1"
"XIRP2"	"M2"
"LINC02652"	"M3"
"NTF4"	"M4"
"LRP1B"	"M1"
"PDPN"	"M4"
"TSPAN7"	"M1"
"SDHDP6"	"M2"
"SLC66A1L"	"Not.Correlated"
"CSNK1A1L"	"M1"
"THEMIS2"	"M1"
"CCDC26"	"M1"
"IFNL2"	"M5"
"KRT6B"	"M3"
"COMMD4P1"	"M2"
"GRAPL"	"M5"
"SLC16A10"	"M1"
"TXNDC2"	"M1"
"FASLG"	"M5"
"PIMREGP2"	"M2"
"DCXR-DT"	"M1"
"ADRA2C"	"M4"
"RNU6-920P"	"M6"
"JAK3"	"M1"
"CD48"	"M5"
"KIR2DS4"	"M5"
"CSF3"	"M1"
"SMAD9-IT1"	"M2"
"C9orf153"	"M6"
"SPRY4"	"M3"
"DUSP5-DT"	"M1"
"NPY4R"	"M3"
"RASGRP2"	"M1"
"KRT84"	"M1"
"GLI1"	"M1"
"CNTN6"	"M2"
"PCDHA2"	"M1"
"MKRN6P"	"M2"
"CD86"	"M5"
"PVALEF"	"M3"
"LINC00996"	"M5"
"PPP1R1B"	"M5"
"C1QL2"	"M2"
"EDNRA"	"M4"
"RANBP3L"	"M3"
"IL17REL"	"M4"
"CCN5"	"M4"
"CELF5"	"M1"
"FAM27B"	"M2"
"IGHA2"	"M5"
"LINC02555"	"M1"
"LINC02137"	"M1"
"EBF1"	"M2"
"DKK4"	"M4"
"ACTN3"	"M6"
"TRAV10"	"M1"
"IQCF4P"	"M4"
"PTHLH"	"M4"
"IGHV3-21"	"M1"
"SERPINB4"	"M4"
"MRGPRX3"	"M4"
"HRG"	"M2"
"LINC01119"	"M5"
"MIR657"	"M2"
"GBX1"	"M7"
"MIR579"	"M1"
"TLR4"	"M1"
"CASK-AS1"	"M2"
"TEK"	"M3"
"RPS26P45"	"M1"
"ASS1P8"	"M4"
"SPRED3"	"M1"
"GAPDHP22"	"M3"
"LRTM2"	"M1"
"OR2W6P"	"M2"
"EN2"	"M4"
"GLYATL1P1"	"M2"
"TTLL8"	"M1"
"PTGIR"	"M1"
"ST3GAL6-AS1"	"M2"
"CFAP61-AS1"	"M2"
"ZFY"	"M1"
"H2AC9P"	"M6"
"ITFG2-AS1"	"M2"
"SOCS6P1"	"M3"
"CFP"	"M1"
"GPR171"	"M5"
"SNORD116-9"	"M2"
"MARK3P3"	"M2"
"MIR6851"	"M1"
"MMP2-AS1"	"M2"
"CXCL6"	"M1"
"CNTN4-AS1"	"M2"
"ANXA8"	"M4"
"FRZB"	"M4"
"LINC02302"	"M1"
"RIT2"	"M2"
"PAFAH1B2P2"	"M2"
"KRT18P19"	"M2"
"RAMP3"	"M3"
"ETDA"	"M2"
"STK25P1"	"M4"
"RNU2-69P"	"M6"
"KCNJ6"	"M2"
"GYPE"	"M1"
"FAM9B"	"M2"
"COL27A1"	"M4"
"IL4"	"M2"
"RPL12P41"	"M1"
"MIR4682"	"M1"
"LAMA4"	"M3"
"NBPF4"	"M4"
"NRBF2P2"	"M4"
"LINC02636"	"M3"
"MARCKSL1P2"	"Not.Correlated"
"SKAP2"	"M1"
"PPIAP45"	"M2"
"FAM74A6"	"M1"
"KRT33B"	"M4"
"PANX3"	"M6"
"RPL23AP97"	"Not.Correlated"
"ZBTB32"	"M5"
"TSLP"	"M4"
"TMEM252-DT"	"M2"
"BNC1"	"M4"
"NAV2-AS4"	"M2"
"CCDC92B"	"M1"
"KHK"	"M4"
"LINC01506"	"M1"
"MMP2"	"M4"
"GSTA9P"	"M4"
"CACNA1G"	"M3"
"UNC93A"	"M6"
"MIR486-1"	"M2"
"RYR3"	"M2"
"IGBP1P4"	"M2"
"SIRPB3P"	"M1"
"TRBV15"	"M1"
"LINC02700"	"M2"
"LINC01115"	"M4"
"MIR6077"	"M2"
"PHBP20"	"M2"
"ADAMTS18"	"M4"
"GLRB"	"M3"
"PSAT1P2"	"M3"
"CLLU1"	"M2"
"CHGB"	"M4"
"TMEM174"	"M1"
"MIR3149"	"M5"
"KISS1R"	"M1"
"FAHD2P1"	"M2"
"RPL7P19"	"M1"
"OPRD1"	"M5"
"LLPH-DT"	"M4"
"TMEM132D"	"M1"
"SCOCP1"	"M1"
"ZIK1P1"	"M1"
"ADAMTS9"	"M1"
"GABRB1"	"M3"
"GSC"	"M6"
"GOLGA8IP"	"M3"
"KRT18P25"	"M3"
"KRT36"	"M4"
"RGS7"	"M5"
"ANKRD49P2"	"Not.Correlated"
"ACER2P1"	"M1"
"IL22"	"M5"
"DSC3"	"M4"
"RNU1-22P"	"M2"
"GRXCR2"	"M7"
"KCNK13"	"M5"
"PRB1"	"M3"
"ITGAM"	"M1"
"CIDEA"	"M7"
"NAP1L1P1"	"M2"
"GRB14"	"M3"
"CCR7"	"M1"
"CDIPTOSP"	"M3"
"CDCA7"	"M4"
"TTTY14"	"M1"
"CEP295NL"	"M1"
"MYLK2"	"Not.Correlated"
"CPA4"	"M4"
"LINC01781"	"M5"
"ADAM20"	"M1"
"PLAT"	"M4"
"ORM1"	"M2"
"ARL4AP3"	"M2"
"LBX1"	"M1"
"MIR3135B"	"M4"
"SENCR"	"M1"
"FALEC"	"M3"
"RASL12"	"M4"
"FOXI3"	"M1"
"PLPPR4"	"M5"
"IGKV1-6"	"M5"
"FCRL2"	"M1"
"FGF2"	"M3"
"PDE2A-AS2"	"M6"
"TMEM212-AS1"	"M2"
"ECM1P1"	"M5"
"CNNM1"	"M3"
"RNVU1-32"	"M3"
"HCK"	"M1"
"SHISA3"	"M4"
"C5orf47"	"M2"
"LINC00668"	"M4"
"CTLA4"	"M5"
"MAPK6-DT"	"M1"
"AK2P2"	"M3"
"SPTLC1P1"	"M1"
"RNU7-71P"	"M6"
"IL1RAPL2"	"M2"
"CTNNA2"	"M5"
"GSTA10P"	"M1"
"ELDR"	"M1"
"PCP4"	"M5"
"PICSAR"	"M3"
"HSFX2"	"M2"
"CHAD"	"M3"
"FBLL1"	"M3"
"ARSF"	"M4"
"BTK"	"M1"
"PTH1R"	"M2"
"THBS1"	"M1"
"SNORD117"	"M2"
"COL20A1"	"Not.Correlated"
"SNCG"	"M4"
"SDS"	"M5"
"ATP5MGP4"	"M2"
"DPP6"	"M3"
"RPS2P6"	"M1"
"SPART-AS1"	"M2"
"SERPINB9"	"M1"
"ISLR2"	"M5"
"LINC01455"	"M4"
"TBCAP3"	"M7"
"TFEC"	"M5"
"OLIG2"	"M1"
"LINC01197"	"Not.Correlated"
"ERAS"	"M1"
"FMO9P"	"M3"
"COL17A1"	"M4"
"TBC1D3K"	"M7"
"PCNPP5"	"M1"
"CD300A"	"M1"
"PXDN"	"M3"
"LINC00707"	"M3"
"MKRN9P"	"M2"
"CA7"	"M1"
"RPL7P56"	"M6"
"TRGV3"	"M5"
"ACOT6"	"M7"
"TMCC3"	"M3"
"CLIC4P3"	"M2"
"MIR4257"	"M1"
"NTNG1"	"M4"
"PTMAP6"	"M2"
"COPDA1"	"M5"
"ZC4H2"	"M1"
"LYVE1"	"M1"
"RNU6-450P"	"M1"
"PPP3R2"	"M6"
"ADAMDEC1"	"M5"
"MIR3682"	"M7"
"WASF1"	"M4"
"LINC01891"	"M7"
"NCF4"	"M1"
"IGLV6-57"	"M1"
"LINC02710"	"M2"
"IGLV2-14"	"M2"
"SLC7A9"	"M3"
"GATA3-AS1"	"M7"
"ANO3"	"M4"
"RN7SL32P"	"M3"
"DSCAS"	"M2"
"ORC1P1"	"M2"
"CAV3"	"M2"
"SLC26A9"	"M3"
"KRT5"	"M4"
"FCF1P6"	"M2"
"HSPA8P4"	"M2"
"SPHKAP"	"M2"
"LINC00189"	"M1"
"SRSF3P1"	"M1"
"GASK1B"	"M5"
"LTF"	"M4"
"LINC01722"	"M4"
"NCAPD2P1"	"M1"
"SIGLEC7"	"M1"
"GP2"	"M2"
"MRPL23-AS1"	"M3"
"PPFIA2-AS1"	"M2"
"FHP1"	"M2"
"LINC01127"	"M1"
"SMIM10L2A"	"M1"
"MOGAT1"	"M1"
"AKR1B10P1"	"M4"
"C20orf203"	"M3"
"ST13P16"	"M2"
"LINC02091"	"M1"
"LINC01122"	"M1"
"ABCA6"	"M4"
"KIR2DL3"	"M5"
"CATIP-AS1"	"M4"
"CALML3-AS1"	"M4"
"AACSP1"	"M3"
"TRGV5"	"M5"
"GATA2-AS1"	"M3"
"FXYD7"	"M4"
"GALNT17"	"M3"
"MTND5P14"	"M1"
"BCAN"	"M1"
"MTAPP1"	"M4"
"VWC2L"	"M2"
"FIBCD1"	"M5"
"SLC18A1"	"M5"
"SMIM2"	"M2"
"IGFL1"	"M3"
"ZNF705A"	"M1"
"AHSP"	"M2"
"SCRT1"	"M5"
"DMP1"	"M2"
"TNFRSF4"	"M5"
"SLC8A3"	"M6"
"SLAMF1"	"M5"
"CHCHD4P2"	"M2"
"FFAR1"	"M1"
"PABPC4L"	"M4"
"RNU4-23P"	"M2"
"HOMER3-AS1"	"M4"
"ALPP"	"M3"
"CEMIP"	"M4"
"NFAM1"	"M1"
"TWIST2"	"M4"
"KCNK15-AS1"	"M2"
"SETSIP"	"M4"
"RNU6-892P"	"M1"
"LPL"	"M3"
"NUDT11"	"M4"
"DIPK1C"	"M5"
"RTN4RL2"	"M6"
"FMN2"	"M2"
"FAM215A"	"M1"
"PKP1"	"M4"
"LGALS7B"	"M4"
"UBE2QL1"	"M1"
"RSPO4"	"M6"
"TEX12"	"M2"
"YIPF7"	"M2"
"RADIL"	"M4"
"LINC01730"	"M3"
"ERICH6"	"M1"
"ACTG2"	"M2"
"LINC02531"	"M6"
"RPL12P38"	"M3"
"DGKI"	"M4"
"MYO18B"	"M1"
"SEPTIN14P4"	"M4"
"C6orf58"	"M4"
"ISCA1P6"	"M1"
"RPL21P119"	"M3"
"ZDHHC20-IT1"	"M6"
"MIR3186"	"M3"
"TBX15"	"M5"
"TRBV2"	"M3"
"MAB21L3"	"M3"
"SYNPR"	"M2"
"CPB2-AS1"	"M1"
"CALR4P"	"M2"
"KRBOX1"	"M2"
"LAMP5"	"M5"
"LINC00551"	"M3"
"XKR4"	"M4"
"TRIM54"	"M3"
"SNORA75"	"M4"
"OR5P2"	"M2"
"CYP2AB1P"	"M1"
"SLC2A6"	"M5"
"GYS2"	"M2"
"MAPK6P5"	"M3"
"CASS4"	"M1"
"C1QTNF2"	"M4"
"HMGN2P15"	"M2"
"DSG1-AS1"	"M3"
"LINC02347"	"M1"
"MKI67P1"	"M6"
"C17orf64"	"M3"
"RDH12"	"M3"
"KIAA0408"	"M3"
"SCN3A"	"M5"
"EOMES"	"M5"
"PKMP5"	"M2"
"GTF2F2P1"	"M6"
"CCR3"	"M1"
"MORF4L1P3"	"M1"
"HMGN2P20"	"M2"
"ST3GAL5-AS1"	"M2"
"KCNK15"	"M3"
"HAVCR2"	"M5"
"MAPK6P1"	"M2"
"ATXN7L3P1"	"M2"
"GPR6"	"M4"
"SLC35G2"	"M3"
"RNU6-1201P"	"M3"
"PFN1P6"	"M1"
"LINC01664"	"M1"
"SHANK1"	"M2"
"ESPL1"	"M4"
"HMGB3P8"	"M6"
"KRT1"	"M7"
"KCTD9P1"	"M1"
"GMFG"	"M1"
"ZEB2"	"M1"
"PRICKLE1"	"M4"
"CDH8"	"M1"
"DKK1"	"M3"
"CTNND2"	"M2"
"LINC00520"	"M3"
"XCR1"	"M5"
"ST8SIA2"	"M3"
"ANKRD2"	"M4"
"DPYSL4"	"M6"
"FTLP12"	"M2"
"XKR5"	"M4"
"TBC1D3I"	"M3"
"OTOP1"	"M2"
"MTCO3P5"	"M1"
"OFCC1"	"M3"
"HTRA4"	"M5"
"RPSAP72"	"M2"
"IL7R"	"M5"
"GABRA6"	"M1"
"COL4A1"	"M4"
"LINC00664"	"M1"
"H2BP9"	"M6"
"RNF17"	"M1"
"MYO7B"	"M1"
"RGS1"	"M1"
"FAM74A1"	"M3"
"STATH"	"M5"
"SH2D2A"	"M5"
"PCDH20"	"M1"
"RNU2-6P"	"M1"
"FLT4"	"M3"
"PLA2G3"	"M3"
"LINC02301"	"M3"
"PTGER3"	"M2"
"MTCO2P12"	"M3"
"LINC01797"	"M4"
"PRF1"	"M5"
"HIGD1AP9"	"M7"
"PDZD4"	"M4"
"TRAJ28"	"M1"
"GPR45"	"M2"
"FAM135B"	"M1"
"CUX2"	"M5"
"CXCR2P1"	"M5"
"GDNF-AS1"	"M1"
"TEX101"	"M1"
"NDUFA3P4"	"M1"
"SMCR2"	"M2"
"LINC01303"	"M1"
"ECEL1P2"	"M4"
"RPL23AP87"	"M3"
"RPL29P7"	"M3"
"THSD7B"	"M4"
"DNASE1L3"	"M4"
"IGHV4-34"	"M5"
"GFPT2"	"M3"
"EPB41L3"	"M5"
"IGFL1P1"	"M3"
"TMSB4Y"	"M1"
"SPOCK1"	"M4"
"TENM3"	"M1"
"ZSCAN10"	"M3"
"SALL2"	"M1"
"LINC00163"	"M1"
"MIR3681HG"	"M1"
"P2RX5"	"M5"
"BHLHE22"	"M3"
"KCNE2"	"M5"
"TEX33"	"M2"
"RNU6-1054P"	"M2"
"FADS6"	"M1"
"BLK"	"M5"
"HTR1D"	"M4"
"RNA5SP434"	"M2"
"H2AZP5"	"M1"
"MT-TD"	"M2"
"NEU4"	"M1"
"UNC45B"	"M7"
"TRBJ2-5"	"M4"
"IFNA1"	"M5"
"PLXNA4"	"M1"
"LINC01581"	"M2"
"FUT7"	"M1"
"FAT3"	"M7"
"IGHV5-51"	"M1"
"NKX1-2"	"M4"
"MEI4"	"M1"
"CLUHP10"	"M3"
"E2F2"	"M4"
"GSDMA"	"M6"
"IGLV3-27"	"M2"
"IL6R-AS1"	"M2"
"RPL21P34"	"M1"
"MIR6855"	"M7"
"LINC01543"	"M2"
"MMRN2"	"M4"
"ASIC5"	"M5"
"PTPRR"	"M1"
"KRT34"	"M2"
"ECEL1P1"	"M5"
"PYDC1"	"M3"
"ELOCP21"	"M7"
"CTRL"	"M2"
"MAB21L2"	"M4"
"USP8P1"	"M4"
"KRT18P8"	"M4"
"OR52N2"	"M3"
"RGS18"	"M1"
"CCDC194"	"M5"
"FDPSP8"	"M2"
"H3P14"	"M1"
"LINC02552"	"M3"
"ACTN1-AS1"	"M4"
"LINC01999"	"M2"
"KRT8P43"	"M4"
"FCGR3A"	"M5"
"RPSAP14"	"M2"
"SNORA15B-1"	"M3"
"COL15A1"	"M3"
"PIP5K1P1"	"M2"
"ANKRD24"	"M3"
"SLC9A9-AS2"	"M1"
"UNC5A"	"M1"
"PRSS3"	"M3"
"S100A2"	"M4"
"LINC02055"	"M3"
"TPT1P5"	"M1"
"EIF2AP4"	"M7"
"C1QTNF1"	"M1"
"CD93"	"M1"
"APOOP2"	"M3"
"SEMA6B"	"M1"
"TRBV4-1"	"M6"
"CCDC85A"	"M3"
"OR7E37P"	"M2"
"ACKR1"	"M3"
"FOXF1"	"M3"
"CDH11"	"M4"
"SDAD1-AS1"	"M5"
"SLC27A6"	"M2"
"SPOCK3"	"M1"
"LINC01973"	"M2"
"SPOCD1"	"M1"
"BNIP3P41"	"M2"
"ABCC13"	"M1"
"LINC00856"	"M5"
"LINC00595"	"M5"
"IGKV2-24"	"M7"
"TKTL1"	"M1"
"LINC02320"	"M3"
"COMP"	"M2"
"NLRP12"	"M1"
"MTND5P20"	"M2"
"TNS4"	"M4"
"OR52B3P"	"M1"
"RBP2"	"M3"
"KIAA1210"	"M6"
"SHLD2P3"	"M2"
"OSR2"	"M5"
"SH2D4B"	"M1"
"IRGM"	"M5"
"SLC38A11"	"M4"
"POU3F1"	"M4"
"ENPP2"	"M5"
"ZDHHC19"	"M2"
"LINC01337"	"M1"
"MOGAT2"	"M1"
"LINC00028"	"M3"
"WNT1"	"M4"
"DACH2"	"M5"
"CLEC17A"	"M1"
"FAM72B"	"M4"
"TPM2P1"	"M1"
"RAB3IL1"	"M5"
"GOLGA2P11"	"M2"
"LST1"	"M1"
"OPN4"	"M2"
"CNN2P4"	"M3"
"PRKCB"	"M1"
"TRAV23DV6"	"Not.Correlated"
"LINC02773"	"M6"
"TBXA2R"	"M4"
"FPR3"	"M5"
"CALY"	"M4"
"SCT"	"M5"
"FAM106A"	"M1"
"LINC00839"	"M4"
"LGALS9DP"	"M2"
"EEF1B2P1"	"M1"
"IFITM3P1"	"M2"
"FAM89A"	"M4"
"LINC01943"	"M5"
"PSG4"	"M1"
"TRBV5-4"	"M2"
"KRT33A"	"M4"
"GAR1-DT"	"M3"
"H2BW3P"	"M3"
"TPSD1"	"M1"
"ST13P11"	"M2"
"FZD10-AS1"	"M3"
"FABP4"	"M3"
"CA3-AS1"	"M3"
"GUCY2D"	"M4"
"WDR64"	"M4"
"CA2"	"M3"
"NAIPP1"	"M1"
"TREML1"	"M5"
"ACKR4P1"	"M3"
"HTR1B"	"M3"
"PTCHD3P2"	"M1"
"LCE1B"	"M6"
"VPS33B-DT"	"M2"
"HMGB3P5"	"M2"
"CLEC4G"	"M1"
"INSRR"	"M5"
"LINC02794"	"M1"
"IGHV3-23"	"M2"
"MCCD1P2"	"M2"
"MT1H"	"Not.Correlated"
"CHST8"	"M1"
"RPL23AP3"	"M2"
"CECR2"	"M1"
"TROAP"	"M4"
"LINC02496"	"M2"
"ABCG8"	"M6"
"RN7SKP68"	"M4"
"LINC00638"	"M4"
"RFLNA"	"M4"
"GDA"	"M1"
"TMEM163"	"M5"
"UBE2L4"	"M1"
"RTL9"	"M2"
"H3-4"	"M6"
"GAPDHP20"	"M5"
"MIR4636"	"M2"
"IFITM3P9"	"M4"
"STEAP2-AS1"	"M1"
"TASL"	"M1"
"TRBV6-5"	"M2"
"HAS2"	"M4"
"TRAV16"	"M2"
"IGLV3-10"	"M1"
"RNU6-1158P"	"M1"
"HOXA3"	"M1"
"KDM4E"	"M7"
"ARHGAP15-AS1"	"M1"
"SCAT1"	"M2"
"PRG4"	"M2"
"SUMO2P19"	"M1"
"EVI2A"	"M1"
"CCDC177"	"M2"
"BEST1"	"M1"
"LINC02785"	"M1"
"LDC1P"	"M4"
"RN7SL219P"	"M2"
"LINC01484"	"M5"
"LINC01779"	"M1"
"FLRT2"	"M1"
"PSMA8"	"M5"
"CD80"	"M5"
"TRABD2B"	"M4"
"ATOH8"	"M2"
"TRAJ4"	"M2"
"RNU1-58P"	"M2"
"GPC5"	"M3"
"CHGA"	"M1"
"SLC22A25"	"M4"
"LINC01535"	"M1"
"KCND2"	"M3"
"VNN2"	"M1"
"RPH3A"	"M1"
"FLT1P1"	"M2"
"LHX1"	"M2"
"CBX2"	"M4"
"NKG7"	"M5"
"ACP7"	"M6"
"LINC00200"	"M2"
"LINC00544"	"M2"
"MIR6731"	"M2"
"POU3F3"	"M3"
"MAGEL2"	"M1"
"BNIP5"	"M1"
"CDC26P1"	"M2"
"RPS6P12"	"M1"
"LINC02196"	"M2"
"CD163"	"M5"
"HCG9"	"M2"
"NXPE4"	"Not.Correlated"
"GRM1"	"M5"
"KRT75"	"M4"
"OLFM5P"	"M3"
"DEFB1"	"M4"
"BOLA2"	"M2"
"ADGRD1-AS1"	"M2"
"RN7SKP251"	"M2"
"MFAP2"	"M2"
"OR7E136P"	"M2"
"PAX5"	"M5"
"RAD21-AS1"	"M1"
"LINC02365"	"M1"
"CKS1BP7"	"M1"
"RPL26P20"	"M2"
"PES1P2"	"M1"
"OLFM1"	"M1"
"AKR1B10"	"M4"
"DRG1P1"	"M3"
"TMEM151A"	"M2"
"OR7E102P"	"M1"
"GOT2P3"	"M4"
"PAFAH1B1P2"	"M6"
"RTP1"	"M1"
"AMTN"	"M3"
"ODAM"	"Not.Correlated"
"TPSAB1"	"M3"
"CLEC12A"	"M1"
"SNORD1B"	"M2"
"TCP10L2"	"M1"
"TRAJ39"	"Not.Correlated"
"MCAM"	"M4"
"HSD17B6"	"M2"
"SPIB"	"M5"
"LINC01213"	"Not.Correlated"
"TRBJ2-7"	"M5"
"NAP1L4P3"	"M7"
"OLIG1"	"M1"
"LINC01819"	"M4"
"ASS1P1"	"M5"
"EEF1A1P24"	"M2"
"MYHAS"	"M1"
"CACNG4"	"M4"
"EDIL3-DT"	"M4"
"ADAMTS15"	"M4"
"S1PR1"	"M3"
"FAM153B"	"M4"
"CD28"	"M5"
"PATE4"	"M2"
"SNORA63C"	"M4"
"GPS2P1"	"M6"
"LINC02613"	"M3"
"SERPINB5"	"M4"
"ENAM"	"M3"
"RN7SKP116"	"M1"
"MUC3A"	"M1"
"RNU1-129P"	"Not.Correlated"
"C1QTNF9B"	"M2"
"C5orf52"	"M2"
"LINC00398"	"M1"
"PGM5P4"	"M4"
"PGC"	"M4"
"MMP16"	"M4"
"CICP13"	"M2"
"NKX6-1"	"M2"
"HRH2"	"M1"
"BTNL3"	"M1"
"PUDPP2"	"M3"
"SYT6"	"M3"
"DLX6"	"M4"
"TRBV5-6"	"M5"
"IRS4"	"M5"
"DIRC3"	"M5"
"APOBEC1"	"M2"
"CALCB"	"M5"
"G6PC2"	"M3"
"CCDC148-AS1"	"M2"
"MIR328"	"M2"
"LINC00487"	"M5"
"LCN15"	"M1"
"FAM186A"	"M3"
"TPBGL"	"M3"
"TRAV18"	"M2"
"HPN"	"M7"
"IFITM3P2"	"M1"
"SPINK6"	"M7"
"CCDC42"	"M3"
"CAP1P2"	"M6"
"LINC00269"	"M6"
"LCE3C"	"M6"
"SH3GL3"	"M5"
"DLEU2L"	"M3"
"RN7SKP23"	"M3"
"PON1"	"M2"
"TCF3P1"	"M1"
"CIR1P2"	"M6"
"IL21R-AS1"	"M1"
"HIF3A"	"M1"
"SNX20"	"M1"
"HRC"	"M4"
"APLP1"	"M1"
"TPPP2"	"M1"
"HTN1"	"M3"
"SLC7A5"	"M1"
"RSPO1"	"M3"
"LINC02528"	"M5"
"CD109"	"M3"
"KRT17"	"M4"
"MBL1P"	"M2"
"TRAV1-2"	"M5"
"PYY"	"M2"
"RN7SL151P"	"M2"
"LINC02315"	"M2"
"HMGN2P23"	"M2"
"TEX46"	"M3"
"LVRN"	"M2"
"TMEM151B"	"M2"
"HAS3"	"M4"
"BTNL2"	"M2"
"PITX3"	"M1"
"IGSF21"	"M6"
"NRROS"	"M5"
"ACTBP7"	"M2"
"CARD18"	"M6"
"LCE1D"	"M6"
"PRSS44P"	"M3"
"ITGB3"	"M1"
"NCF4-AS1"	"M1"
"KLKB1"	"M3"
"SETP21"	"M1"
"FAM155A"	"M1"
"SEMA6A-AS2"	"M7"
"C5orf38"	"M3"
"GIMAP7"	"M5"
"LINC00443"	"M3"
"MOB4P1"	"M1"
"PRRX2-AS1"	"M7"
"SLC22A31"	"M7"
"LINC02696"	"M2"
"UTF1"	"M4"
"AK4P1"	"M1"
"PRSS3P4"	"M2"
"TRBV18"	"M5"
"LINC01762"	"M6"
"RAD23BP1"	"M2"
"FAM187B2P"	"M1"
"IGLV3-21"	"M1"
"CST2"	"M3"
"RNU5E-1"	"M3"
"HAR1B"	"M4"
"SHANK2-AS2"	"M2"
"FUT5"	"M1"
"LINC00671"	"M1"
"TRHDE-AS1"	"M4"
"CCDC179"	"M6"
"SPIC"	"M2"
"NME8"	"M1"
"LINC00513"	"M1"
"CAPS2-AS1"	"M2"
"LINC01343"	"M4"
"OLAH"	"M2"
"CLUL1"	"M1"
"ZNF454"	"M3"
"NUDCP2"	"M3"
"OR11H7"	"M2"
"GAPDHP52"	"M2"
"KRT27"	"M1"
"LINC02356"	"M6"
"IGHV4-39"	"M3"
"SOD3"	"M3"
"SOX18"	"M3"
"RTRAFP1"	"M1"
"LINC01361"	"M6"
"KMT5AP3"	"M1"
"PRSS42P"	"M2"
"IGLV3-19"	"Not.Correlated"
"LINC01828"	"M1"
"ACTA1"	"M6"
"KCNT2"	"M4"
"IGF2BP3"	"M1"
"EDNRB"	"M4"
"TRPA1"	"M1"
"NSG2"	"M1"
"ZEB2P1"	"M1"
"FOXA3"	"M4"
"LINC02501"	"M2"
"TFAP2B"	"M4"
"MZT1P2"	"M2"
"TNNI3"	"M2"
"GGTLC5P"	"M1"
"TGM1"	"M3"
"PNLIPRP1"	"M6"
"LINC00887"	"M3"
"RORB-AS1"	"M3"
"SCRT2"	"M1"
"AICDA"	"M4"
"PPIAP32"	"M1"
"PPIAP39"	"M2"
"NWD2"	"M1"
"KRT17P2"	"M4"
"LIPG"	"M3"
"ADGRE1"	"M1"
"ATRNL1"	"M4"
"THY1"	"M4"
"SYN1"	"M5"
"RNU6-1095P"	"M6"
"STAC"	"M3"
"CNOT7P1"	"M6"
"RET"	"M2"
"RN7SL288P"	"M1"
"TRIM61"	"M7"
"LINC01800"	"M2"
"PHF21B"	"M2"
"TM4SF4"	"M2"
"RPL34P22"	"M6"
"PPIAP35"	"M7"
"RPS17P15"	"Not.Correlated"
"SLC32A1"	"M2"
"NPIPB7"	"M2"
"TNNI3K"	"M6"
"LINC02473"	"M1"
"NT5DC4"	"M1"
"PAK5"	"M1"
"SMIM15-AS1"	"M1"
"MIR4772"	"M1"
"MIR6749"	"M1"
"RNU2-68P"	"M6"
"NACA2"	"M2"
"PAH"	"M6"
"LHFPL3-AS1"	"M7"
"PHF10P1"	"M1"
"GRM7-AS1"	"M2"
"FBN3"	"M4"
"UOX"	"M2"
"VCAM1"	"M5"
"RAB33A"	"M5"
"LINC00457"	"M7"
"FCRL1"	"M5"
"LINC01293"	"M2"
"TRIML2"	"M1"
"GPR149"	"Not.Correlated"
"CD8B"	"M5"
"FOXI1"	"M3"
"PMP22"	"M5"
"FAM30A"	"M5"
"GYG2P1"	"M1"
"EEF1GP1"	"Not.Correlated"
"DEPDC1-AS1"	"M1"
"LINC01597"	"M1"
"EHMT2-AS1"	"M4"
"LINC01411"	"M6"
"TRAJ37"	"M7"
"KRT37"	"M2"
"HES5"	"M4"
"SMCO1"	"M2"
"C4A"	"M5"
"MYOC"	"M2"
"PCDHA3"	"M1"
"UTY"	"M1"
"RPL21P3"	"M6"
"PGBD4P3"	"M3"
"FRMD3"	"M5"
"IL31RA"	"M4"
"REG4"	"M5"
"RSL24D1P3"	"M2"
"SLC22A16"	"M1"
"ZNF311"	"M1"
"ULK4P2"	"M7"
"PENK"	"M4"
"KRT31"	"M4"
"C8orf86"	"M3"
"LINC01147"	"M1"
"GRIK1-AS1"	"M3"
"SEMA5B"	"M3"
"LINC01239"	"M3"
"ENPP7"	"M4"
"HGF"	"M5"
"NKD2"	"M4"
"LINC02814"	"M7"
"NPTX2"	"M3"
"TUBB3"	"M1"
"CD22"	"M1"
"DCLRE1CP1"	"M2"
"RNU4-51P"	"M2"
"LINC01305"	"M6"
"CASR"	"M1"
"KRT17P1"	"M5"
"HNRNPA3P10"	"M3"
"RPL5P5"	"M1"
"DES"	"M1"
"HS6ST3"	"M1"
"RNA5SP132"	"M2"
"DEFB4B"	"M1"
"RLN2"	"M1"
"F7"	"M2"
"MIR9-3HG"	"M4"
"EGFLAM"	"M2"
"GRM8"	"M2"
"H2BP6"	"M2"
"PIGFP1"	"M3"
"SNORD59A"	"M1"
"RHOXF1P3"	"M2"
"TRIM63"	"M6"
"LINC02539"	"M3"
"LACTBL1"	"M2"
"SNX18P13"	"M3"
"RN7SKP177"	"M2"
"ADAM19"	"M1"
"TRAV3"	"M5"
"TNC"	"M4"
"PLCH1-AS2"	"M6"
"EXTL3-AS1"	"M4"
"KRT41P"	"M2"
"LINC02519"	"M2"
"KMT5AP1"	"M4"
"UBE2V2P3"	"M1"
"PPM1B-DT"	"M2"
"PCDHB17P"	"M1"
"C1orf167"	"M1"
"SRSF3P4"	"M3"
"TRAV12-3"	"M3"
"LINC02408"	"M2"
"RNU6-1238P"	"M1"
"MTUS2"	"M2"
"RNU6-234P"	"M6"
"CCNP"	"M4"
"KRT25"	"M2"
"RTBDN"	"M3"
"NLGN1"	"M5"
"WSCD1"	"M2"
"SRRM4"	"M7"
"SLC38A5"	"M4"
"LINC01802"	"M7"
"SMILR"	"M3"
"EIF4A1P4"	"M4"
"RNU6-196P"	"M2"
"SFRP4"	"M3"
"LIN7A"	"M1"
"INKA1"	"M4"
"NUFIP1P1"	"M1"
"MIR4423"	"M2"
"STRIP2"	"M3"
"OR10V2P"	"M2"
"PCBP3-AS1"	"M4"
"DPP10-AS1"	"M5"
"PRSS21"	"M4"
"TDRD6"	"M5"
"MIR595"	"M2"
"LINC01098"	"M2"
"LINC02598"	"M7"
"DUXAP8"	"M5"
"GRK7"	"M3"
"ARMC4P1"	"M2"
"LDHAP3"	"M4"
"TMC2"	"M2"
"DEFA3"	"M1"
"TINAGL1"	"M4"
"MTFR2P2"	"M1"
"LINC02238"	"M2"
"AP2B1P1"	"M1"
"TUBB8"	"M2"
"KLKP1"	"M2"
"TRGV10"	"M5"
"ETV4"	"M4"
"SEPTIN12"	"M5"
"SYNDIG1L"	"M4"
"LINC02784"	"M4"
"SPINK2"	"M1"
"FAM225A"	"M5"
"NNMT"	"M1"
"MIR100HG"	"M4"
"THAP12P5"	"M4"
"CYP4F32P"	"M1"
"IMPDH1P9"	"M2"
"SEMG2"	"M2"
"FAM240C"	"M4"
"RNU7-171P"	"M1"
"ICE2P1"	"M2"
"ENTR1P1"	"M6"
"LINC02728"	"M1"
"TPTEP1"	"M3"
"ZBED9"	"M1"
"TP63"	"M4"
"LINC01398"	"M5"
"PPIAP29"	"M2"
"RNA5SP304"	"M2"
"DEPDC7"	"M4"
"ISCA1P4"	"M5"
"P2RY10"	"M1"
"DPP4"	"M4"
"GNLY"	"M5"
"BUB1B-PAK6"	"Not.Correlated"
"FTH1P4"	"M1"
"FIGN"	"M4"
"NIPA2P1"	"M1"
"RNU1-51P"	"M6"
"CLEC14A"	"M3"
"GTSF1"	"M5"
"PAX8-AS1"	"M4"
"NEXN"	"M5"
"LINC00492"	"M2"
"HSP90AA3P"	"M5"
"SLC31A1P1"	"M3"
"LINC02867"	"M1"
"KCNH6"	"M2"
"C3orf70"	"M3"
"PNMA5"	"M5"
"PTBP1P"	"M4"
"VCX3A"	"M4"
"IGKV3-15"	"Not.Correlated"
"VAV3-AS1"	"M2"
"SPINK14"	"M2"
"PI15"	"M3"
"IGLV2-11"	"M1"
"IL22RA2"	"M1"
"NDP"	"M4"
"OVCH2"	"M4"
"CD69"	"M1"
"BRSK1"	"M5"
"IGLV4-69"	"M1"
"RAC1P6"	"M2"
"TRBV7-6"	"M5"
"MRPL42P6"	"M1"
"DLL3"	"M4"
"TRARG1"	"M1"
"MYBPHL"	"M6"
"HYAL6P"	"M6"
"IGSF23"	"M1"
"ASB15-AS1"	"M2"
"UROC1"	"M4"
"CELA3B"	"M4"
"RAP1AP"	"M5"
"SIGLEC9"	"M1"
"LINC00648"	"M7"
"CPXM2"	"M6"
"TREHP1"	"M3"
"C3orf86"	"M1"
"TRIM58"	"M3"
"RPL7P35"	"M5"
"NAV2-AS5"	"M2"
"ARMC2-AS1"	"M2"
"KLRC4-KLRK1"	"M3"
"RGS13"	"M1"
"GPR176"	"M3"
"DLG2-AS2"	"M1"
"GSTM2"	"M4"
"LINC02550"	"M1"
"CAMKV"	"M4"
"LILRP2"	"M5"
"LMO1"	"M4"
"LZTS1"	"M4"
"PPP1R9A-AS1"	"M6"
"SNAI2"	"M4"
"LINC01771"	"M2"
"TMSB10P1"	"M6"
"MAN2A1-DT"	"M3"
"NMUR2"	"M6"
"ADCYAP1"	"M1"
"RPS4Y1"	"M1"
"VN1R108P"	"M1"
"PTCH2"	"M4"
"BFSP2-AS1"	"M4"
"LINC02642"	"M5"
"MMP13"	"M3"
"PIWIL3"	"M2"
"ZNF883"	"M6"
"ATP6V0E1P2"	"M2"
"RXFP4"	"M2"
"DACT1"	"M4"
"XPOTP1"	"M4"
"SOAT2"	"M5"
"FAM72D"	"M6"
"DNAJC12"	"M2"
"MROH2A"	"M3"
"CT55"	"M2"
"TECRP2"	"M1"
"AVPR1A"	"M3"
"IGHV3-30"	"M1"
"ZNF725P"	"M6"
"RNU6-48P"	"M2"
"OSTCP2"	"M2"
"RN7SL221P"	"M1"
"ASS1P13"	"M5"
"C6orf141"	"M3"
"SSXP10"	"M4"
"MKRN4P"	"M5"
"NRG3"	"M2"
"ORC1"	"M4"
"LINC00313"	"M3"
"TEX41"	"M1"
"SIGLEC14"	"M1"
"FGF12-AS2"	"M4"
"EIF4A2P1"	"M4"
"MYL12BP2"	"M1"
"CRYBA2"	"M2"
"ASS1P14"	"M5"
"MAGEA7P"	"M6"
"CNTN4"	"M2"
"BTN1A1"	"M7"
"LRRIQ4"	"M2"
"FGF8"	"M6"
"OR7E103P"	"M2"
"ACR"	"M3"
"BATF3"	"M5"
"NGF"	"Not.Correlated"
"TYR"	"M5"
"SEPHS1P1"	"M1"
"SERBP1P1"	"M7"
"HSPB1P1"	"M4"
"PIF1"	"M4"
"CCL14"	"M2"
"UTS2"	"M1"
"LINC01185"	"M2"
"NACAD"	"M2"
"SLCO5A1"	"M5"
"PRKCIP1"	"M7"
"ETNPPL"	"M2"
"RPS29P12"	"M1"
"BCRP5"	"M3"
"RPL23AP26"	"M2"
"RPL26P34"	"M1"
"TENM3-AS1"	"M2"
"CLCA3P"	"M3"
"MTND4P20"	"M4"
"FAM90A2P"	"M3"
"SBF1P1"	"M3"
"NPSR1"	"M3"
"ASB5"	"M3"
"PDCL2"	"M3"
"TPSP2"	"M2"
"TNIP3"	"M1"
"ANP32D"	"M2"
"PLCH1-AS1"	"M2"
"CTHRC1"	"M4"
"OR5E1P"	"M1"
"BCL2L10"	"M7"
"TFDP1P3"	"M1"
"TRAV20"	"M5"
"SLC10A4"	"M3"
"SLC6A2"	"M1"
"NRN1"	"M1"
"MIR5689HG"	"M3"
"MAFG-DT"	"M2"
"COL25A1"	"M3"
"KCNN2"	"M4"
"ADAM23"	"M4"
"ALDH1L1-AS1"	"M6"
"CDH19"	"M1"
"GPA33"	"M2"
"SLC25A5P5"	"M2"
"PMM2P2"	"M1"
"PLA2G2A"	"M1"
"C11orf91"	"M2"
"ZAN"	"Not.Correlated"
"CRP"	"M2"
"SUCLA2P1"	"M1"
"FAM133FP"	"M2"
"SLC26A4"	"M1"
"APOOP4"	"M1"
"CNEP1R1P1"	"M7"
"TDRD15"	"M1"
"RAD21P1"	"M6"
"UCP1"	"M7"
"UBE2Q2P6"	"M3"
"FABP5P11"	"M3"
"FGFBP1"	"M3"
"RPS27AP9"	"M1"
"NAP1L3"	"M2"
"LINC01448"	"M1"
"IL21R"	"M5"
"TTR"	"M1"
"CALCR"	"M5"
"ID2B"	"M1"
"CTSG"	"M1"
"DMRTC1B"	"M1"
"MUCL3"	"M3"
"FDCSP"	"M4"
"CEACAMP9"	"M2"
"SERPINE1"	"M1"
"DAZAP2P1"	"M2"
"SAXO1"	"M2"
"TRBV8-2"	"M1"
"OR5M6P"	"Not.Correlated"
"SLITRK5"	"M1"
"MCF2"	"M3"
"LINC00642"	"M5"
"TRBJ2-1"	"M5"
"CTAGE12P"	"M1"
"LINC02273"	"M5"
"MIR4520-1"	"M2"
"RPL22P17"	"M2"
"RNU2-11P"	"M2"
"LINC00944"	"M5"
"CNIH3-AS2"	"M2"
"FUNDC2P4"	"M4"
"CCDC87"	"M3"
"ACOT12"	"M2"
"AKAP17BP"	"M2"
"LINC02671"	"M4"
"PCDHA10"	"M5"
"PCSK4"	"M4"
"LINC01146"	"M1"
"HNRNPA1P26"	"M2"
"NOC2LP2"	"M2"
"NFE4"	"M1"
"C6orf201"	"M2"
"ART5"	"M2"
"MIR4420"	"M1"
"IGSF1"	"M3"
"C17orf99"	"M4"
"LINC01812"	"M3"
"ARID3BP1"	"M2"
"OR13J1"	"M7"
"TMEM74B"	"M4"
"TRBV20-1"	"M5"
"LRRC63"	"M4"
"TRAJ29"	"M2"
"PDZRN3"	"M4"
"MRGPRF"	"M4"
"RNU6-882P"	"M3"
"DLGAP1-AS5"	"M3"
"LGI1"	"M4"
"CEACAM21"	"M1"
"TRHDE"	"M5"
"SLITRK4"	"M2"
"ZDHHC8P1"	"M1"
"EQTN"	"M2"
"RNVU1-24"	"M2"
"LDHAL6B"	"M1"
"FRG1-DT"	"M1"
"TUBA8"	"M4"
"LINC01150"	"M4"
"GAPDHP24"	"M2"
"CST5"	"M2"
"LINC00051"	"M7"
"KLRC1"	"M5"
"CICP27"	"M1"
"PROX1"	"M2"
"FFAR4"	"M2"
"GJA5"	"M3"
"UNC93B3"	"M1"
"HPX"	"M3"
"NRXN2"	"M5"
"SLC47A1P2"	"M5"
"TEKT4P3"	"M2"
"GPR158"	"M6"
"STC1"	"M1"
"KIF15"	"M4"
"SLC8A1"	"M5"
"BCL2L12P1"	"M1"
"WASIR2"	"M4"
"RPS27AP11"	"M1"
"CMKLR1"	"M5"
"RPE65"	"M1"
"BPIFA1"	"M3"
"BRD7P6"	"M1"
"SLIT3"	"M4"
"RPS2P4"	"M5"
"PA2G4P5"	"M3"
"DUXAP2"	"M5"
"LINC02594"	"M1"
"MTNR1B"	"M2"
"ARHGAP23P1"	"M4"
"OR7E89P"	"M1"
"CCL22"	"M1"
"BASP1-AS1"	"M2"
"CCL16"	"M6"
"VN2R10P"	"M2"
"ICAM3"	"M1"
"DPRXP2"	"M3"
"WDR45P1"	"M1"
"LRRC4B"	"M4"
"HSPA8P5"	"M5"
"PDCD5P1"	"M2"
"SOHLH2"	"M1"
"RXRG"	"M1"
"FLG-AS1"	"M4"
"ZNF521"	"M3"
"HEMGN"	"M2"
"TRAV39"	"M1"
"PYCARD-AS1"	"Not.Correlated"
"KRT73"	"M2"
"LIMS2"	"M4"
"BPIFB2"	"M4"
"PHOSPHO1"	"M1"
"DPEP3"	"M1"
"RGS20"	"M1"
"CALHM3"	"M3"
"BRINP1"	"M4"
"SP7"	"M1"
"HNRNPCP8"	"M1"
"TBATA"	"M3"
"TGM7"	"M1"
"DNAH17-AS1"	"M1"
"TIMP3"	"M4"
"ARPC3P3"	"M1"
"RNU6-481P"	"M6"
"SNORD116-26"	"M2"
"GLULP4"	"M3"
"SLC23A4P"	"M6"
"ZNF727"	"M2"
"GABRG3"	"M1"
"TLL1"	"M5"
"RN7SL678P"	"M2"
"RPL23AP41"	"M3"
"DPF1"	"M2"
"TRAV34"	"M2"
"BNC2-AS1"	"M1"
"GDF5"	"M4"
"MEF2C-AS1"	"M1"
"ERVMER34-1"	"M4"
"TPTE2"	"M1"
"SERBP1P6"	"M2"
"KHDC1L"	"M3"
"ID3"	"M2"
"ZNF84-DT"	"M2"
"EEF1DP3"	"M4"
"CHRNA6"	"M2"
"FGF14-AS1"	"M2"
"KRT20"	"M3"
"RPL7P22"	"M4"
"BMP15"	"M2"
"GLULP3"	"M2"
"SHANK2-AS1"	"M2"
"BGN"	"M4"
"PRSS41"	"M4"
"LINC02316"	"M6"
"RGPD1"	"M4"
"RNU6-176P"	"M2"
"CCDC54"	"M1"
"HPSE2"	"M3"
"PPDPFL"	"M4"
"GCM1"	"M1"
"CCN4"	"M5"
"IGLV1-44"	"M1"
"RGS8"	"M6"
"BRI3P3"	"M2"
"PRB4"	"M1"
"LINC02154"	"M1"
"TRDC"	"M5"
"F5"	"M1"
"PTCHD3P3"	"M2"
"LINC01546"	"M3"
"ANKRD18CP"	"M2"
"TEX36"	"M2"
"RPS2P36"	"M1"
"RPS4XP7"	"M4"
"TP53TG3D"	"M2"
"SLC30A8"	"M1"
"CD84"	"M5"
"SELP"	"M3"
"OXCT2"	"M7"
"ANGPTL1"	"M4"
"HSPB3"	"M2"
"LINC00543"	"M1"
"MS4A6E"	"M5"
"OR7E130P"	"M4"
"H2BP1"	"M4"
"GNB3"	"M3"
"PCDHA12"	"M1"
"FAM71E2"	"M2"
"PRSS55"	"M1"
"TRBV19"	"M2"
"IL37"	"M6"
"FBXO47"	"M2"
"TRIM31"	"M4"
"CYP3A43"	"M1"
"GPR15"	"M1"
"HERC2P4"	"M1"
"LINC01485"	"M2"
"IGHEP2"	"M1"
"TBC1D27P"	"M5"
"COL3A1"	"M4"
"ADRA1B"	"M3"
"ITIH1"	"M5"
"HTR3D"	"M3"
"LINC01442"	"M2"
"TLX2"	"M6"
"KCNA5"	"M5"
"LINC02458"	"M5"
"NPM1P9"	"M1"
"IRF8"	"M5"
"NEGR1"	"M2"
"SBF1P2"	"M1"
"BANF1P5"	"M2"
"PSMB11"	"M1"
"MMP21"	"M3"
"KCNN1"	"M2"
"EEF1A1P10"	"M2"
"RAB44"	"M4"
"GATA2"	"M3"
"CPT1C"	"M4"
"MICD"	"M1"
"COL18A1-AS2"	"M2"
"AKNAD1"	"M3"
"TMEM88B"	"M4"
"STARD8"	"M5"
"ADAMTSL1"	"M4"
"LINC01711"	"M2"
"IGHV3-48"	"M4"
"SSBP3-AS1"	"M1"
"GRIN2B"	"M2"
"LINC02820"	"M1"
"CAVIN1"	"M4"
"IGKV1-17"	"M5"
"APCDD1L"	"M3"
"MS4A4A"	"M5"
"RPL37P2"	"M3"
"RNASEH1P1"	"M3"
"CXCR3"	"M5"
"IFNL1"	"M5"
"TRPM2-AS"	"M1"
"CRIP1P3"	"M4"
"DHH"	"M4"
"MTCYBP23"	"M1"
"ADRA1D"	"M1"
"RPS26P6"	"M1"
"PPIAP87"	"M4"
"HOXB6"	"M6"
"LINC01341"	"M3"
"MT2P1"	"M1"
"CHST1"	"M4"
"TRGV9"	"M3"
"CADM3-AS1"	"M2"
"FAM162B"	"M2"
"LINC01796"	"M7"
"NPAS4"	"Not.Correlated"
"CLDN34"	"M1"
"LINC01905"	"M4"
"C10orf82"	"M1"
"INHBE"	"M1"
"NLRP9P1"	"M1"
"RGS6"	"M2"
"LINC01107"	"M2"
"RN7SL408P"	"M4"
"CCL13"	"M1"
"MAEL"	"M2"
"HOXD8"	"M6"
"SPARC"	"M4"
"DRD5"	"M4"
"CENPUP2"	"M2"
"CTNNA1P1"	"M4"
"IFNE"	"M4"
"KRT18P24"	"M2"
"ANP32C"	"M1"
"FOXE3"	"M2"
"APOC1P1"	"M4"
"GRK5-IT1"	"M3"
"ANKRD20A19P"	"M2"
"MRGPRD"	"M2"
"MIR339"	"M1"
"NDST1-AS1"	"M4"
"GZMH"	"M5"
"GCK"	"M3"
"EIF4A1P5"	"M2"
"DCLK3"	"M2"
"TCP1P3"	"M4"
"RPSAP4"	"M1"
"CASC16"	"M1"
"OR10AC1"	"M1"
"TNFRSF13B"	"M5"
"ADGRB3"	"M2"
"IRGC"	"M1"
"KRT18P33"	"M4"
"WBP1LP2"	"M2"
"VNN3"	"M4"
"EPS8L3"	"M4"
"RNU6-833P"	"M3"
"BMP4"	"M4"
"LINC01700"	"M2"
"NPTX1"	"M1"
"ZBTB16"	"M3"
"OR7E115P"	"M3"
"OR7E11P"	"M2"
"PNPLA3"	"M6"
"PRKCG"	"M1"
"DMRT1"	"M4"
"RPL7P28"	"M6"
"VWC2"	"M4"
"LINC02694"	"M2"
"ASB11"	"M5"
"PALM3"	"M4"
"SETP12"	"M2"
"IGHV3-53"	"Not.Correlated"
"LINC01556"	"M2"
"UBE2C"	"M4"
"FRMPD4"	"Not.Correlated"
"HCAR1"	"M2"
"ZFP42"	"M4"
"EIF3LP2"	"M2"
"OTOAP1"	"M5"
"RAB39A"	"M5"
"APOBEC3AP1"	"M4"
"ZNF516-DT"	"M2"
"IGHM"	"M5"
"ENTHD1"	"M3"
"LUZP2"	"M4"
"CGREF1"	"M2"
"ST13P20"	"M3"
"PHBP4"	"M6"
"SIRPB1"	"M1"
"PTPRQ"	"M1"
"SPIN2P1"	"M3"
"KCNH1"	"M4"
"CADM3"	"M3"
"WNT11"	"M4"
"BICRA-AS1"	"M4"
"MGARP"	"M2"
"CATSPER4"	"M3"
"MSTN"	"M1"
"LINC02583"	"M2"
"TMC3-AS1"	"M1"
"CACNA1A"	"M2"
"LRRC3C"	"M1"
"ADAMTS9-AS2"	"M2"
"GLDC"	"M5"
"TBX4"	"M1"
"PLA2G2D"	"M5"
"RNU6-1065P"	"M4"
"CLCNKA"	"M2"
"LINC01498"	"M5"
"IDO2"	"M5"
"KRT8P32"	"M3"
"RNU6-780P"	"M2"
"RN7SKP83"	"M2"
"RPL17P22"	"M2"
"ADAMTS7P1"	"M2"
"RNA5SP18"	"M2"
"SGCG"	"M2"
"LINC00706"	"M2"
"WNT8A"	"M3"
"ERG"	"M4"
"RPS29P5"	"M1"
"LMAN1L"	"M1"
"LYPLA2P2"	"M7"
"GIMAP5"	"M5"
"RAD1P2"	"M5"
"DBF4P1"	"M7"
"AKR1D1"	"M7"
"OR7E12P"	"M2"
"SHE"	"M3"
"GTSE1"	"M4"
"IMPG2"	"M4"
"SLC13A5"	"M4"
"GXYLT1P3"	"M2"
"LINC02325"	"M6"
"LINC02610"	"M3"
"TRPC7"	"M2"
"RTP3"	"M1"
"LILRA4"	"M5"
"CD79B"	"M5"
"SLCO1B1"	"M2"
"FAM230E"	"M1"
"POM121L4P"	"M2"
"BCLAF1P1"	"M1"
"COL4A2-AS2"	"M1"
"HBQ1"	"M2"
"ISL2"	"M1"
"SPDYE17"	"M3"
"CIDEC"	"M1"
"LINC00870"	"M3"
"TRBV30"	"M5"
"MRPL48P1"	"M5"
"RPL21P37"	"M2"
"HSPD1P4"	"M3"
"SLC1A7"	"M2"
"IGHJ6"	"M5"
"MIR7-3HG"	"M2"
"THAP12P1"	"M5"
"OR7E108P"	"M2"
"MPC1L"	"M2"
"RN7SL659P"	"M4"
"ADAMTSL2"	"M3"
"ADIPOQ-AS1"	"M1"
"OR10G2"	"M6"
"GPC6"	"M4"
"MIR548A3"	"M7"
"BSNDP2"	"M2"
"USH1G"	"M3"
"RIPOR2"	"M1"
"ANKRD63"	"M6"
"MIR6784"	"M2"
"RNU6-680P"	"M2"
"ZNF497"	"M4"
"LINC01565"	"M6"
"MOXD1"	"M3"
"LINC01016"	"M2"
"ADGRL3"	"M4"
"UGT2B15"	"M2"
"FABP5P9"	"M3"
"LINC02100"	"M7"
"WNT10A"	"M4"
"LINC02289"	"M2"
"FAAHP1"	"M2"
"CHCHD2P7"	"M2"
"CIB3"	"M1"
"ANAPC1P1"	"M1"
"FAM74A3"	"M1"
"FAM32BP"	"M2"
"RPL3P5"	"M2"
"RPL23AP81"	"M4"
"MTND5P12"	"M2"
"RPL4P1"	"Not.Correlated"
"MRGPRX2"	"M1"
"PCDH17"	"M3"
"PRSS33"	"M3"
"HSPD1P21"	"M2"
"MAPK8IP1P1"	"M4"
"FFAR3"	"M1"
"MIR449C"	"M2"
"RNY4P37"	"M2"
"C9orf139"	"M1"
"SNORD116-6"	"M2"
"RNU2-33P"	"M1"
"LINC02608"	"M3"
"CDC42P3"	"M5"
"LHFPL3"	"M4"
"CBX1P2"	"M2"
"CBLN2"	"M4"
"SEC14L6"	"M2"
"LINC02600"	"M4"
"CD70"	"M5"
"HIPK1-AS1"	"M4"
"AURKB"	"M4"
"LINC01659"	"M3"
"ZSCAN4"	"M1"
"NALCN"	"M4"
"HIGD1AP16"	"M1"
"TUBB8B"	"M4"
"VGF"	"M1"
"BIRC6-AS1"	"M7"
"C8orf89"	"M4"
"ESPNL"	"M1"
"RNA5SP530"	"M5"
"RNF186"	"M1"
"LINC00941"	"M3"
"CNTN1"	"M4"
"GLB1L3"	"M4"
"THAP12P3"	"M7"
"TFPI2-DT"	"M2"
"UBBP2"	"M2"
"LINC01603"	"M6"
"GALNT8"	"M2"
"APOBEC3B"	"M3"
"ZNF37CP"	"M3"
"SRGAP3-AS4"	"M4"
"CYP11B1"	"M2"
"PGBP"	"M3"
"MIR193BHG"	"M3"
"PRAME"	"M4"
"LEFTY2"	"M2"
"FAM86MP"	"M6"
"LINC02637"	"M7"
"WNT8B"	"M4"
"TERB2"	"M2"
"MEPE"	"M2"
"EIF3LP3"	"M7"
"UQCRBP2"	"M1"
"VN2R19P"	"M1"
"GPR33"	"M2"
"RNU4-82P"	"M2"
"TAL1"	"M1"
"PADI6"	"M2"
"PGLYRP2"	"M5"
"NUTF2P6"	"M7"
"CADPS"	"M1"
"RPL10P13"	"M2"
"ANKRD20A7P"	"M2"
"RNU6-1223P"	"M1"
"LINC01214"	"M6"
"TMSB15B-AS1"	"M4"
"COL12A1"	"M4"
"PABPN1L"	"M1"
"PSAPL1"	"M3"
"SAA1"	"M1"
"VN1R12P"	"M2"
"LINC01102"	"M7"
"LINC00462"	"M2"
"LINC00635"	"M2"
"PROCR"	"M1"
"GTF3C6P2"	"M3"
"TH"	"M6"
"GALNT9"	"M4"
"RPL37P23"	"M2"
"SPC25"	"M4"
"XRCC6P4"	"M2"
"RPL23P8"	"M2"
"NMBR"	"M2"
"FAM133CP"	"M2"
"ELAVL4"	"M5"
"LAMB1"	"M4"
"CAV1"	"M4"
"SLC7A10"	"M1"
"RPL7AP49"	"M6"
"FRRS1L"	"M4"
"CDH16"	"M7"
"TOX3"	"M3"
"HOXA1"	"M1"
"LINC02073"	"Not.Correlated"
"PLA2G7"	"M5"
"LINC02217"	"M1"
"LINC02651"	"M3"
"RASSF1-AS1"	"M7"
"TCERG1L-AS1"	"M1"
"CASC11"	"M1"
"IQSEC3"	"M4"
"VIT"	"M2"
"RBMXL2"	"M2"
"KLRK1"	"M3"
"RNU7-196P"	"M6"
"IGKV1-27"	"M3"
"GFRA3"	"M2"
"DUSP26"	"M2"
"RPS26P47"	"M4"
"SYDE1"	"M4"
"PTPN20"	"M2"
"FAM189A1"	"Not.Correlated"
"KRT17P4"	"M3"
"LINC01509"	"M4"
"PCSK2"	"M4"
"ARMC12"	"M2"
"RGSL1"	"M1"
"ZNF610"	"M4"
"SLC26A4-AS1"	"M1"
"MIR155HG"	"M1"
"GUCY2GP"	"M5"
"NR2E3"	"M2"
"RNU7-140P"	"M1"
"SCN5A"	"M4"
"IL2RA"	"M5"
"CROCCP5"	"M7"
"UPF3AP1"	"M1"
"NEIL3"	"M4"
"SKA1"	"M4"
"ARHGEF25"	"M4"
"CTNNA3"	"M3"
"MIR5707"	"Not.Correlated"
"SLIT3-AS2"	"M1"
"BTF3P7"	"M3"
"DEPP1"	"M1"
"MRC1"	"M1"
"BPIFA2"	"M4"
"DANT1"	"M2"
"OPN5"	"M2"
"PATE2"	"M4"
"MC5R"	"M2"
"TIMMDC1-DT"	"M6"
"NOL4L-DT"	"M4"
"LGI2"	"M4"
"DDX43"	"M3"
"UBE2U"	"M2"
"TRBV20OR9-2"	"M1"
"RN7SL78P"	"M1"
"NAGPA-AS1"	"M4"
"HOMER2P1"	"M1"
"SNHG26"	"M4"
"NUDT19P3"	"M2"
"LINC01649"	"M5"
"TENM1"	"M1"
"LRTM1"	"M1"
"RPL38P5"	"M1"
"MGAM2"	"M1"
"JAKMIP1"	"M5"
"RNU6-5P"	"M1"
"NBAT1"	"M2"
"CEP55"	"M4"
"CLSPN"	"M4"
"CACNA1F"	"M4"
"HOXB-AS1"	"M2"
"PLCXD2-AS1"	"M2"
"LINC02069"	"M2"
"PCDHA5"	"M2"
"TRBV7-9"	"M5"
"ATP5F1BP1"	"M2"
"KRT9"	"M3"
"TPM1-AS"	"M4"
"USP41"	"M5"
"LINC01982"	"M2"
"PDE1C"	"M3"
"LINC02851"	"M3"
"IGHV3-15"	"Not.Correlated"
"WASF4P"	"M3"
"COL4A2"	"M4"
"MIR1302-8"	"M2"
"TMEM74"	"M2"
"IGHV3-73"	"M7"
"LINC00691"	"M1"
"ZNF534"	"M3"
"TCERG1L"	"M4"
"RPL7P6"	"M2"
"MYCN"	"M4"
"CLEC4C"	"M1"
"CYP26C1"	"M4"
"PHEX-AS1"	"M6"
"LTB"	"M1"
"LINC01811"	"M2"
"IQGAP3"	"M4"
"TRBV5-1"	"M5"
"HLA-J"	"M4"
"ASCL4"	"M2"
"LINC01259"	"M2"
"EEF1A1P28"	"M2"
"JCHAIN"	"M5"
"APLNR"	"M4"
"MIR7849"	"M7"
"TBX18-AS1"	"M2"
"GLIS3-AS1"	"M3"
"ELOCP2"	"M5"
"CYP3A52P"	"M1"
"LINC01219"	"M3"
"PCDH15"	"M4"
"SH3TC2-DT"	"M3"
"LINC00942"	"M5"
"LINC02253"	"M2"
"AQP8"	"M5"
"SAA2"	"M1"
"SNRPFP1"	"M1"
"IRF4"	"M5"
"MIR449B"	"M2"
"RNU6-536P"	"M2"
"NXF3"	"M2"
"AHSG"	"M3"
"STXBP5L"	"M5"
"LINC01353"	"M1"
"LAMP5-AS1"	"M2"
"ECEL1P3"	"M3"
"GATD3A"	"M1"
"RNU6-964P"	"M3"
"MAPK8IP1P2"	"M4"
"LIX1"	"M5"
"MKI67"	"M4"
"IGHV1-69D"	"M1"
"PRR11"	"M4"
"TRGV5P"	"M2"
"EEF1DP4"	"M3"
"RPL23AP49"	"M1"
"MTNR1A"	"M5"
"GOLGA6L3"	"M4"
"SMIM24"	"M4"
"OR10V3P"	"M1"
"MIR95"	"M1"
"AQP1"	"M3"
"MARCHF10-DT"	"M2"
"IGHV4-4"	"M4"
"APP-DT"	"M1"
"ACTBL2"	"M1"
"CKAP2L"	"M4"
"NPY6R"	"M4"
"FTLP15"	"M2"
"CLDN19"	"M2"
"WWC2-AS2"	"M3"
"LINC02522"	"M6"
"IFNL4"	"M5"
"HOXB-AS2"	"M3"
"SETP3"	"M2"
"SLC6A15"	"M4"
"ZNF259P1"	"M6"
"RN7SL570P"	"M2"
"MARCHF4"	"M2"
"RNU7-48P"	"M1"
"ANXA10"	"M5"
"KIR2DL4"	"M5"
"TXNP4"	"M6"
"OR2W3"	"M2"
"SOX8"	"M4"
"ERICH3-AS1"	"M2"
"CDC6"	"M4"
"BIRC5"	"M4"
"IQCA1L"	"M2"
"TMEM200A"	"M2"
"RPS15P5"	"M1"
"PIMREGP1"	"M5"
"GLP1R"	"M2"
"IGHV4-59"	"M5"
"NGFR"	"M4"
"H1-4"	"M3"
"BACH2"	"M1"
"TMEM176B"	"M5"
"RN7SL711P"	"M2"
"UBE2E4P"	"M6"
"FMO6P"	"M5"
"TGM3"	"M2"
"ABCC5-AS1"	"M4"
"TRDN-AS1"	"M6"
"OXGR1"	"M1"
"PEAR1"	"M1"
"SINHCAFP1"	"M1"
"ZFP57"	"M2"
"ARID3C"	"M2"
"TERT"	"M1"
"NR2F1"	"M3"
"MROCKI"	"M4"
"GGTLC3"	"M4"
"LPGAT1-AS1"	"M3"
"CXCL12"	"M2"
"AMOTL1"	"M4"
"LINC01624"	"M2"
"OSTCP5"	"M2"
"GSTA12P"	"M2"
"PLVAP"	"M3"
"IQCF3"	"M3"
"BUB1B"	"M4"
"FAM177B"	"M3"
"HOXC4"	"M1"
"MIR941-5"	"M1"
"LAMB4"	"M4"
"GALNT16"	"M4"
"MIR6776"	"M2"
"RN7SL336P"	"M1"
"KHDRBS2"	"M1"
"SNORD116-4"	"M4"
"DRD1"	"M2"
"NAT2"	"M3"
"FOXD4L3"	"M3"
"NTRK1"	"M1"
"SHOX2"	"M2"
"DKK2"	"M2"
"SH2D1A"	"M5"
"COL19A1"	"M4"
"MEOX1"	"M4"
"RHBG"	"M7"
"OTOF"	"M2"
"LINC01629"	"M2"
"SDHDP2"	"M5"
"PPP1R32"	"M4"
"LINC02044"	"M2"
"STC2"	"M3"
"KRT72"	"M6"
"CALCA"	"M1"
"MIR342"	"M5"
"RPL7P23"	"M1"
"CYYR1-AS1"	"M1"
"ANO4"	"M1"
"RPL30P11"	"M5"
"PRIMA1"	"M4"
"ELFN1"	"M4"
"CDRT15P9"	"M1"
"MIR4470"	"M2"
"RNU1-94P"	"M2"
"LINC01275"	"M4"
"CENPE"	"M4"
"ABCB5"	"M1"
"TMEM211"	"M1"
"PBK"	"M4"
"PCDH18"	"M4"
"NPM1P39"	"M2"
"FBXW10"	"M4"
"RAMP2"	"M1"
"PRLHR"	"M3"
"ZMAT4"	"M2"
"RPSAP64"	"M1"
"ZNF204P"	"M3"
"OR52N4"	"M3"
"CICP9"	"M1"
"KCNMB2"	"M4"
"STARD6"	"M1"
